Index,Personal,Species,Form,IsPresentInGame,Type1,Type2,Ability1,Ability2,AbilityH,Stat_HP,Stat_ATK,Stat_DEF,Stat_SPA,Stat_SPD,Stat_SPE,Gender,EXPGrowth,EvoStage,CatchRate,Field_18,Color,Height,Weight,TM_A,TM_B,TM_C,TM_D,TR_A,TR_B,TR_C,TR_D,TypeTutor,BaseEXP,EV_HP,EV_ATK,EV_DEF,EV_SPA,EV_SPD,EV_SPE,Item1,Item2,Item3,EggGroup1,EggGroup2,HatchSpecies,LocalFormIndex,Field_45,Field_46,Field_47,BaseFriendship,DexIndexHisui,DexIndexOther,DexIndexLocal1,DexIndexLocal2,DexIndexLocal3,DexIndexLocal4,DexIndexLocal5,MoveShop1,MoveShop2
33,Pikachu,25,0,TRUE,12,12,9,9,31,35,55,40,50,50,90,127,0,2,145,0,2,40,60,2745614375,134220674,75829248,0,3425702674,8,71376912,0,0,112,0,0,0,0,0,2,0,236,0,5,6,172,0,FALSE,0,10,50,56,25,56,56,56,0,0,3015712,273170441
43,Raichu,26,0,TRUE,12,12,9,9,31,60,90,55,90,80,110,127,0,3,95,0,2,80,300,2746139431,1207962498,612700160,2,3425702674,8,71376913,0,0,243,0,0,0,0,0,3,0,0,0,5,6,172,0,FALSE,0,10,50,57,26,57,57,57,0,0,3015712,274223113
55,Clefairy,35,0,TRUE,17,17,56,98,132,70,45,48,60,65,35,191,4,2,125,0,9,60,75,2871970875,2282789510,310415488,0,3994733414,136266,338440224,0,0,113,2,0,0,0,0,0,0,81,0,6,6,173,0,FALSE,0,10,140,200,35,0,0,0,200,0,83762720,31983919
56,Clefable,36,0,TRUE,17,17,56,98,109,95,70,73,95,90,60,191,4,3,75,0,9,130,400,2871971643,2282789510,310415488,0,3994733414,136266,338440225,0,0,242,3,0,0,0,0,0,0,81,0,6,6,173,0,FALSE,0,10,140,201,36,0,0,0,201,0,83762720,33036591
57,Vulpix,37,0,TRUE,9,9,18,18,70,38,41,40,50,65,65,191,0,1,235,0,5,60,99,2200477696,302010820,269496320,0,3423637510,75499536,131106,0,0,60,0,0,0,0,0,1,0,249,0,5,5,37,0,TRUE,0,20,50,168,37,0,0,168,0,0,67904512,35651603
58,Vulpix-1,37,1,TRUE,14,14,81,81,117,38,41,40,50,65,65,191,0,1,235,0,8,60,99,2871558144,302010762,9449472,0,3423604834,67108864,131104,0,0,60,0,0,0,0,0,1,0,649,0,5,5,37,0,TRUE,1,20,50,168,37,0,0,168,0,0,67896328,41945137
59,Ninetales,38,0,TRUE,9,9,18,18,70,73,76,75,81,100,100,191,0,2,135,0,2,110,199,2200480512,302043588,269496320,0,3457191942,75630610,393266,0,0,177,0,0,0,0,1,1,0,249,0,5,5,37,0,TRUE,0,20,50,169,38,0,0,169,0,0,68035584,36704531
60,Ninetales-1,38,1,TRUE,14,17,81,81,117,73,67,75,81,100,109,191,0,2,135,0,1,110,199,2871560960,302043530,43004033,0,3457159266,67239936,268828720,0,0,177,0,0,0,0,0,2,0,649,0,5,5,37,0,TRUE,1,20,50,169,38,0,0,169,0,0,68027400,42997809
63,Zubat,41,0,TRUE,3,2,39,39,151,40,45,35,30,40,55,127,0,1,245,0,6,80,75,3550478400,117440902,2147505152,0,206835712,59,134217780,0,0,49,0,0,0,0,0,1,0,0,0,4,4,41,0,FALSE,0,15,50,34,41,34,34,0,34,34,201598208,320
64,Golbat,42,0,TRUE,3,2,39,39,151,75,80,70,65,75,90,127,0,2,145,0,6,160,550,3550544704,117440902,2147505152,0,206835712,59,134217780,0,0,159,0,0,0,0,0,2,0,0,0,4,4,41,0,FALSE,0,15,50,35,42,35,35,0,35,35,201598208,1052992
68,Paras,46,0,TRUE,6,11,27,87,6,35,70,55,45,55,25,127,0,1,235,0,0,30,54,2476967936,264324,1090524672,0,206835715,402653184,8192,0,0,57,0,1,0,0,0,0,86,87,0,3,7,46,0,FALSE,0,20,50,53,46,53,53,53,53,0,402915617,80
69,Parasect,47,0,TRUE,6,11,27,87,6,60,95,80,60,80,30,127,0,2,135,0,0,100,295,2476968704,264324,1090524672,0,206835715,402653184,2147491842,0,0,142,0,2,1,0,0,0,86,87,0,3,7,46,0,FALSE,0,20,50,54,47,54,54,54,54,0,402915617,1052752
81,Psyduck,54,0,TRUE,10,10,6,13,33,50,52,48,65,50,55,127,0,1,235,0,2,80,196,2334359575,142616986,4226,0,3457353850,131076,1048608,0,0,64,0,0,0,1,0,0,0,0,0,2,5,54,0,FALSE,0,20,50,68,54,68,68,68,68,0,1145441568,25174053
82,Golduck,55,0,TRUE,10,10,6,13,33,80,82,78,95,80,85,127,0,2,135,0,1,170,766,2334360343,142616986,6274,0,3457353978,139268,1048609,4,0,175,0,0,0,2,0,0,0,0,0,2,5,54,0,FALSE,0,20,50,69,55,69,69,69,69,0,1145441568,26226725
86,Growlithe-1,58,1,TRUE,9,5,22,18,154,60,75,45,65,50,55,63,5,1,235,0,5,80,227,2208866304,964,2134032,0,2368770054,10487825,71303168,2,0,70,0,1,0,0,0,0,0,0,0,5,5,58,1,TRUE,1,20,50,150,58,0,0,150,0,0,537134370,2900481
88,Arcanine-1,59,1,TRUE,9,5,22,18,154,95,115,80,95,80,90,63,5,2,135,0,5,200,1680,2275977984,964,2265108,0,2368770054,1084230673,71304192,2,0,194,0,2,0,0,0,0,0,0,0,5,5,58,1,TRUE,1,20,50,151,59,0,0,151,0,0,2684618150,4084225
89,Arcanine-2,59,2,TRUE,9,5,22,18,154,95,115,80,95,80,90,63,5,2,135,0,5,190,1550,2275977984,964,2265108,0,2368770054,1084230673,71304192,2,0,194,0,2,0,0,0,0,0,0,0,5,5,58,1,TRUE,1,20,50,151,59,0,0,151,0,0,2684618150,4084225
93,Abra,63,0,TRUE,13,13,28,39,98,25,20,15,105,55,90,63,3,1,205,0,5,90,195,2209235003,4160749958,134222272,0,3457697794,131426,269099042,0,0,62,0,0,0,1,0,0,0,248,0,8,8,63,0,FALSE,0,20,50,58,63,58,0,0,0,58,83233792,16779545
94,Kadabra,64,0,TRUE,13,13,28,39,98,40,35,30,120,70,105,63,3,2,145,0,5,130,565,2209235003,4160749958,134222304,0,3457697794,131430,269099042,0,0,140,0,0,0,2,0,0,0,248,0,8,8,63,0,FALSE,0,20,50,59,64,59,0,0,0,59,116788224,16779545
95,Alakazam,65,0,TRUE,13,13,28,39,98,55,50,45,135,95,120,63,3,3,95,0,5,150,480,2209235771,4160754054,134222304,0,3457697794,131430,269361203,0,0,250,0,0,0,3,0,0,0,248,0,8,8,63,0,FALSE,0,20,50,60,65,60,0,0,0,60,116788224,17832217
97,Machop,66,0,TRUE,1,1,62,99,80,70,80,50,35,35,35,63,3,1,245,0,7,80,195,2279768123,167841414,169984,0,1278272646,35717248,2129921,0,0,61,0,1,0,0,0,0,0,230,0,8,8,66,0,FALSE,0,20,50,154,66,154,0,154,154,154,561348768,2097152
98,Machoke,67,0,TRUE,1,1,62,99,80,80,100,70,50,60,45,63,3,2,145,0,7,150,705,2279768123,167841414,169984,4,1278272646,35717248,2129921,0,0,142,0,2,0,0,0,0,0,230,0,8,8,66,0,FALSE,0,20,50,155,67,155,0,155,155,155,561348768,2097152
99,Machamp,68,0,TRUE,1,1,62,99,80,90,130,80,65,85,55,63,3,3,95,0,7,160,1300,2279768891,239144582,170496,4,1278272646,35717248,3760228353,0,0,253,0,3,0,0,0,0,0,230,0,8,8,66,0,FALSE,0,20,50,156,68,156,0,156,156,156,569737376,3313664
103,Tentacool,72,0,TRUE,10,3,29,64,44,40,40,35,50,100,70,127,5,1,235,0,1,90,455,2611544064,41951386,13824,2,206635129,37756928,269500416,0,0,67,0,0,0,0,1,0,0,245,0,9,9,72,0,FALSE,0,20,50,170,72,0,0,170,0,0,17039360,8390756
104,Tentacruel,73,0,TRUE,10,3,29,64,44,80,70,65,80,120,100,127,5,2,135,0,1,160,550,2611544832,41951386,13824,2,206635129,37756928,403718144,0,0,180,0,0,0,0,2,0,0,245,0,9,9,72,0,FALSE,0,20,50,171,73,0,0,171,0,0,17039360,9443428
105,Geodude,74,0,TRUE,5,4,69,5,8,40,80,100,30,30,20,127,3,1,245,0,5,40,200,2205188137,138480005,135168,2,202425350,1065088,6152,0,0,60,0,0,1,0,0,0,0,229,0,10,10,74,0,TRUE,0,15,50,46,74,46,46,46,46,46,540279456,2228352
107,Graveler,75,0,TRUE,5,4,69,5,8,55,95,115,45,45,35,127,3,2,145,0,5,100,1050,2205188137,138480005,135168,6,202425350,1065088,1073747976,0,0,137,0,0,2,0,0,0,0,229,0,10,10,74,0,TRUE,0,15,50,47,75,47,47,47,47,47,540279456,2228352
109,Golem,76,0,TRUE,5,4,69,5,8,80,120,130,55,65,45,127,3,3,95,0,5,140,3000,2205188907,138480005,135168,6,202425350,1065088,1073781769,0,0,248,0,0,3,0,0,0,0,229,0,10,10,74,0,TRUE,0,15,50,48,76,48,48,48,48,48,2687763104,3281024
111,Ponyta,77,0,TRUE,9,9,50,18,49,50,85,55,65,65,90,127,0,1,235,0,2,100,300,2736797696,1049028,268439552,0,2349895814,8390672,1145569280,0,0,82,0,0,0,0,0,1,0,0,0,5,5,77,0,TRUE,0,20,50,23,77,23,0,0,0,0,263168,2146307
113,Rapidash,78,0,TRUE,9,9,50,18,49,65,100,70,80,80,105,127,0,2,135,0,2,170,950,2736798468,1049028,268439552,1,3155202183,41945104,3301441536,0,0,175,0,0,0,0,0,2,0,0,0,5,5,77,0,TRUE,0,20,50,24,78,24,0,0,0,0,17040384,3264515
120,Magnemite,81,0,TRUE,12,8,42,5,148,25,35,70,95,55,45,255,0,1,225,0,7,30,60,52903936,390,331776,0,202375936,1064960,4259904,0,128,65,0,0,0,1,0,0,0,233,0,10,10,81,0,FALSE,0,20,50,177,81,0,0,0,177,0,263168,138429448
121,Magneton,82,0,TRUE,12,8,42,5,148,50,60,95,120,70,70,255,0,2,125,0,7,100,600,52904704,390,67440640,0,202900224,1064960,4259904,0,128,163,0,0,0,2,0,0,0,233,0,10,10,81,0,FALSE,0,20,50,178,82,0,0,0,178,0,265216,139482120
134,Gastly,92,0,TRUE,7,3,26,26,26,30,35,30,100,35,80,127,3,1,245,0,6,130,1,2679111736,33554630,13504,0,206571776,100663658,269107202,0,0,62,0,0,0,1,0,0,0,0,0,11,11,92,0,FALSE,0,20,50,136,92,0,136,0,136,136,24387584,54528368
135,Haunter,93,0,TRUE,7,3,26,26,26,45,50,45,115,55,95,127,3,2,145,0,6,160,1,2679111736,167772358,13506,0,1280313600,100663658,269107202,0,0,142,0,0,0,2,0,0,0,0,0,11,11,92,0,FALSE,0,20,50,137,93,0,137,0,137,137,1098129408,54528368
136,Gengar,94,0,TRUE,7,3,130,130,130,60,65,60,130,75,110,127,3,3,95,0,6,150,405,2679112507,2315262150,4207810,0,1280330498,100663658,269107219,0,0,250,0,0,0,3,0,0,0,0,0,11,11,92,0,FALSE,0,20,50,138,94,0,138,0,138,138,1106534432,55581040
138,Onix,95,0,TRUE,5,4,69,5,133,35,45,160,30,45,70,127,0,1,235,0,7,880,2100,2272362496,37945477,135168,14,2349859842,1075314720,1082170440,8,0,77,0,0,1,0,0,0,0,0,0,10,10,95,0,FALSE,0,25,50,118,95,0,118,0,118,0,2684633760,164993
144,Voltorb-1,100,1,TRUE,12,11,43,9,106,40,30,50,55,55,100,255,0,1,235,0,0,50,130,62078976,67108994,536940544,0,202380032,1048608,4390912,0,0,66,0,0,0,0,0,1,0,0,0,10,10,100,1,TRUE,1,20,50,192,100,0,0,0,192,0,267280,4210712
146,Electrode-1,101,1,TRUE,12,11,43,9,106,60,50,70,80,80,150,255,0,2,135,0,0,120,710,62079744,67108994,536940544,0,202380032,1048608,4390912,0,0,172,0,0,0,0,0,2,0,0,0,10,10,100,1,TRUE,1,20,50,193,101,0,0,0,193,0,267280,5263384
147,Electrode-2,101,2,TRUE,12,11,43,9,106,60,50,70,80,80,150,255,0,2,135,0,0,120,666,62079744,67108994,536940544,0,202380032,1048608,4390912,0,0,172,0,0,0,0,0,2,0,0,0,10,10,100,1,TRUE,1,20,50,193,101,0,0,0,193,0,267280,5263384
156,Lickitung,108,0,TRUE,0,0,20,12,13,90,55,75,60,75,30,127,0,1,235,0,9,120,655,2346814267,134285975,167936,6,2350024575,8194,2097440,8,0,77,2,0,0,0,0,0,0,279,0,1,1,108,0,FALSE,0,20,50,125,108,0,125,0,0,125,611582128,11546661
160,Rhyhorn,111,0,TRUE,4,5,31,69,120,80,85,95,30,30,25,127,5,1,225,0,7,100,1150,2413854720,39911559,135196,5,2620426087,1107296393,1082136584,0,0,69,0,0,1,0,0,0,0,0,0,1,5,111,0,FALSE,0,20,50,120,111,0,120,0,120,0,553910958,10727585
161,Rhydon,112,0,TRUE,4,5,31,69,120,105,130,120,45,45,40,127,5,2,125,0,7,190,1200,2413855551,174131863,135199,15,2637203327,1107312777,1098946569,8,0,170,0,2,0,0,0,0,0,0,0,1,5,111,0,FALSE,0,20,50,121,112,0,121,0,121,0,1634992814,12038305
162,Chansey,113,0,TRUE,0,0,30,32,131,250,5,5,35,105,50,254,4,2,105,0,9,110,346,2875870011,2281769615,167936,4,2350436198,132362,275525664,0,0,395,2,0,0,0,0,0,256,0,0,6,6,113,0,FALSE,0,40,140,87,113,87,0,87,0,87,620628640,32528685
163,Tangela,114,0,TRUE,11,11,34,102,144,65,55,115,100,40,60,127,0,1,235,0,1,100,350,2477001472,268697732,16781312,0,206700547,134217728,8578,0,0,87,0,0,1,0,0,0,0,0,0,7,7,114,0,FALSE,0,20,50,95,114,0,95,95,0,0,262176,1052752
172,Mr. Mime,122,0,TRUE,13,17,43,111,101,40,45,65,100,120,90,127,0,2,135,0,9,130,545,2880327483,3120564870,436212160,0,1846561538,147822,269361203,0,0,161,0,0,0,0,2,0,0,0,0,8,8,122,0,TRUE,0,25,50,77,122,77,0,0,0,0,83251456,22026554
174,Scyther,123,0,TRUE,6,2,68,101,80,70,110,80,55,80,105,127,0,1,215,0,3,150,560,3282699008,83888518,3221246496,2,741355521,805306368,0,0,0,100,0,1,0,0,0,0,0,0,0,3,3,123,0,FALSE,0,25,50,72,123,72,0,0,72,0,302425377,1052672
176,Electabuzz,125,0,TRUE,12,12,9,9,72,65,83,57,95,85,105,63,0,2,125,0,2,110,300,2208514875,134220674,333824,0,2349861762,8,4259841,0,0,172,0,0,0,0,0,2,0,322,0,8,8,125,0,FALSE,0,25,50,183,125,0,0,0,183,183,7603232,22040585
177,Magmar,126,0,TRUE,9,9,49,49,72,65,95,57,100,85,93,63,0,2,125,0,0,130,445,2208375595,402655940,6144,0,2349901958,8390680,1,0,0,173,0,0,0,2,0,0,0,323,0,8,8,126,0,FALSE,0,25,50,175,126,0,0,175,0,0,3440672,19927041
181,Magikarp,129,0,TRUE,10,10,33,33,155,20,10,55,15,20,80,127,5,1,255,0,0,90,100,0,1048576,0,0,8,0,0,0,0,40,0,0,0,0,0,1,0,0,0,12,14,129,0,FALSE,0,5,50,80,129,80,0,80,80,0,0,0
182,Gyarados,130,0,TRUE,10,2,22,22,153,95,125,79,60,100,81,127,5,2,55,0,1,650,2350,2401256192,42999963,135177,2,2366736254,1141383209,34606336,0,0,189,0,2,0,0,0,0,0,0,0,12,14,129,0,FALSE,0,5,50,81,130,81,0,81,81,0,2147778728,49688613
186,Eevee,133,0,TRUE,0,0,50,91,107,55,55,50,45,65,55,31,0,1,215,0,5,30,65,2736816132,50054,36864,0,2886737922,1026,2359296,0,0,65,0,0,0,0,1,0,0,0,0,5,5,133,0,TRUE,0,35,50,25,133,25,0,25,0,25,951296,257
188,Vaporeon,134,0,TRUE,10,10,11,11,93,130,65,60,110,95,65,31,0,2,115,0,1,100,290,2871034628,8446878,36864,0,2886803578,9218,3407872,4,0,184,2,0,0,0,0,0,0,0,0,5,5,133,0,TRUE,0,35,50,26,134,26,0,26,0,26,951328,9449765
189,Jolteon,135,0,TRUE,12,12,10,10,95,65,65,60,110,95,130,31,0,2,115,0,2,80,245,2736964484,50054,102404,0,2886742786,1026,6619136,0,0,184,0,0,0,0,0,2,0,0,0,5,5,133,0,TRUE,0,35,50,27,135,27,0,27,0,27,951332,5263625
190,Flareon,136,0,TRUE,9,9,18,18,62,65,130,60,95,110,65,31,0,2,115,0,0,90,250,2803933956,50118,268472336,0,2886770694,8391826,2359296,0,0,184,0,2,0,0,0,0,0,0,0,5,5,133,0,TRUE,0,35,50,28,136,28,0,28,0,28,967714,3150083
191,Porygon,137,0,TRUE,0,0,36,88,148,65,60,70,85,75,40,255,0,1,205,0,9,80,365,195054336,1879048582,537137344,0,2383944544,66,655392,0,0,79,0,0,0,1,0,0,0,0,0,10,10,137,0,FALSE,0,20,50,133,137,0,0,0,0,0,67374336,30413089
198,Snorlax,143,0,TRUE,0,0,17,47,82,160,110,65,65,110,30,31,5,2,55,0,4,210,4600,2876312383,134285463,167936,4,1293078398,134218891,1633715745,8,0,189,2,0,0,0,0,0,234,234,0,1,1,143,0,FALSE,0,40,50,52,143,52,0,0,0,52,2759065776,32821540
215,Cyndaquil,155,0,TRUE,9,9,66,66,18,39,52,43,60,50,65,31,3,1,205,0,2,50,79,2199945216,196,4096,0,204505092,8390672,6291456,0,2,62,0,0,0,0,0,1,0,0,0,5,5,155,0,FALSE,0,20,50,4,155,0,0,0,0,0,263424,2113537
216,Quilava,156,0,TRUE,9,9,66,66,18,58,64,58,80,65,80,31,3,2,105,0,2,90,190,2199945216,2500,4096,0,204505092,8390672,6291456,0,2,142,0,0,0,1,0,1,0,0,0,5,5,155,0,FALSE,0,20,50,5,156,0,0,0,0,0,263456,2113537
218,Typhlosion-1,157,1,TRUE,9,7,66,66,18,73,84,78,119,85,95,31,3,3,55,0,2,160,698,2204142379,134285764,268570626,4,204506244,9439248,2153775105,0,18,267,0,0,0,3,0,0,0,0,0,5,5,155,0,FALSE,0,20,50,6,157,0,0,0,0,0,1622549920,3166467
230,Crobat,169,0,TRUE,3,2,39,39,151,85,90,80,70,80,130,127,0,3,95,0,6,180,750,3550544704,117440902,2147513856,0,206835712,335544379,167772212,0,0,268,0,0,0,0,0,3,0,0,0,4,4,41,0,FALSE,0,15,50,36,169,36,36,0,36,36,470033664,34607424
233,Pichu,172,0,TRUE,12,12,9,9,31,20,40,15,35,35,60,127,0,1,245,0,2,30,20,2737192995,134218626,67440640,0,3425698578,8,71311376,0,0,41,0,0,0,0,0,1,0,0,0,15,15,172,0,FALSE,0,10,50,55,172,55,55,55,0,0,2884608,273170441
234,Cleffa,173,0,TRUE,17,17,56,98,132,50,25,28,45,55,15,191,4,1,225,0,9,30,30,2871970819,134251142,41947264,0,3457337350,1098,69476384,0,0,44,0,0,0,0,1,0,0,81,0,15,15,173,0,FALSE,0,10,140,199,173,0,0,0,199,0,68031488,19398949
236,Togepi,175,0,TRUE,17,17,55,32,105,35,20,65,40,65,20,31,4,1,205,0,8,30,15,2737719299,134218630,276828160,0,1847117830,1102,337911856,0,0,49,0,0,0,0,1,0,0,0,0,15,15,175,0,FALSE,0,10,50,127,175,127,127,127,0,0,68029472,19400966
237,Togetic,176,0,TRUE,17,2,55,32,105,55,40,85,80,105,40,31,4,2,105,0,8,60,32,3811462979,2281708422,276860928,1,1847117830,1118,337911856,0,0,142,0,0,0,0,2,0,0,0,0,4,6,175,0,FALSE,0,10,50,128,176,128,128,128,0,0,76430624,20453638
247,Sudowoodo,185,0,TRUE,5,5,5,69,155,70,100,115,30,65,30,127,0,2,135,0,5,120,380,2213576763,138644101,135168,4,202376322,147496,137224,8,0,144,0,0,2,0,0,0,0,0,0,10,10,185,0,FALSE,0,20,50,124,185,0,124,0,124,0,544604832,131200
252,Aipom,190,0,TRUE,0,0,50,53,92,55,70,55,40,55,85,127,4,1,235,0,6,80,115,2208417851,252743078,1103874,2,3960492930,134217770,2236944,0,0,72,0,0,0,0,0,1,0,0,0,5,5,190,0,FALSE,0,20,50,78,190,78,0,78,0,78,1081345312,4194565
255,Yanma,193,0,TRUE,6,2,3,14,119,65,65,45,75,45,95,127,0,1,235,0,0,120,380,3550545920,16777348,2147487744,0,204740609,536870922,0,0,0,78,0,0,0,0,0,1,0,265,0,3,3,193,0,FALSE,0,20,50,105,193,0,105,0,105,0,134489088,16777472
258,Espeon,196,0,TRUE,13,13,28,28,156,65,65,60,130,95,110,31,0,2,115,0,6,90,265,2737210116,268485510,37184,0,2920294402,132422,271327264,2,0,184,0,0,0,2,0,0,0,0,0,5,5,133,0,TRUE,0,35,50,29,196,29,0,29,0,29,68060192,17832193
259,Umbreon,197,0,TRUE,16,16,28,28,39,95,65,110,60,130,65,31,0,2,115,0,4,100,270,2745271044,637584262,2134144,0,2886739970,67109923,2149974016,0,0,184,0,0,0,0,2,0,0,0,0,5,5,133,0,TRUE,0,35,35,30,197,30,0,30,0,30,967712,51385089
260,Murkrow,198,0,TRUE,16,2,15,105,158,60,85,42,85,42,91,127,3,1,235,0,4,50,21,3416342592,100663430,2149617664,0,202377216,67239994,131076,0,0,81,0,0,0,0,0,1,0,0,0,4,4,198,0,FALSE,0,20,35,140,198,0,140,140,0,0,402688,50332448
263,Misdreavus,200,0,TRUE,7,7,26,26,26,60,60,60,85,85,85,127,4,1,235,0,7,70,10,2342600704,33591494,12736,0,202377984,2214724970,269090832,0,0,87,0,0,0,0,1,0,0,0,0,11,11,200,0,FALSE,0,25,35,197,200,0,0,0,197,197,402688,54528296
264,Unown,201,0,TRUE,13,13,26,26,26,48,72,48,72,48,48,255,0,2,185,0,4,50,50,0,0,0,0,0,0,0,0,0,118,0,1,0,1,0,0,0,0,0,15,15,201,0,FALSE,0,40,50,142,201,0,0,0,0,0,0,0
265,Unown-1,201,1,TRUE,13,13,26,26,26,48,72,48,72,48,48,255,0,2,185,0,4,50,50,0,0,0,0,0,0,0,0,0,118,0,1,0,1,0,0,0,0,0,15,15,201,1,FALSE,0,40,50,142,201,0,0,0,0,0,0,0
266,Unown-2,201,2,TRUE,13,13,26,26,26,48,72,48,72,48,48,255,0,2,185,0,4,50,50,0,0,0,0,0,0,0,0,0,118,0,1,0,1,0,0,0,0,0,15,15,201,2,FALSE,0,40,50,142,201,0,0,0,0,0,0,0
267,Unown-3,201,3,TRUE,13,13,26,26,26,48,72,48,72,48,48,255,0,2,185,0,4,50,50,0,0,0,0,0,0,0,0,0,118,0,1,0,1,0,0,0,0,0,15,15,201,3,FALSE,0,40,50,142,201,0,0,0,0,0,0,0
268,Unown-4,201,4,TRUE,13,13,26,26,26,48,72,48,72,48,48,255,0,2,185,0,4,50,50,0,0,0,0,0,0,0,0,0,118,0,1,0,1,0,0,0,0,0,15,15,201,4,FALSE,0,40,50,142,201,0,0,0,0,0,0,0
269,Unown-5,201,5,TRUE,13,13,26,26,26,48,72,48,72,48,48,255,0,2,185,0,4,50,50,0,0,0,0,0,0,0,0,0,118,0,1,0,1,0,0,0,0,0,15,15,201,5,FALSE,0,40,50,142,201,0,0,0,0,0,0,0
270,Unown-6,201,6,TRUE,13,13,26,26,26,48,72,48,72,48,48,255,0,2,185,0,4,50,50,0,0,0,0,0,0,0,0,0,118,0,1,0,1,0,0,0,0,0,15,15,201,6,FALSE,0,40,50,142,201,0,0,0,0,0,0,0
271,Unown-7,201,7,TRUE,13,13,26,26,26,48,72,48,72,48,48,255,0,2,185,0,4,50,50,0,0,0,0,0,0,0,0,0,118,0,1,0,1,0,0,0,0,0,15,15,201,7,FALSE,0,40,50,142,201,0,0,0,0,0,0,0
272,Unown-8,201,8,TRUE,13,13,26,26,26,48,72,48,72,48,48,255,0,2,185,0,4,50,50,0,0,0,0,0,0,0,0,0,118,0,1,0,1,0,0,0,0,0,15,15,201,8,FALSE,0,40,50,142,201,0,0,0,0,0,0,0
273,Unown-9,201,9,TRUE,13,13,26,26,26,48,72,48,72,48,48,255,0,2,185,0,4,50,50,0,0,0,0,0,0,0,0,0,118,0,1,0,1,0,0,0,0,0,15,15,201,9,FALSE,0,40,50,142,201,0,0,0,0,0,0,0
274,Unown-10,201,10,TRUE,13,13,26,26,26,48,72,48,72,48,48,255,0,2,185,0,4,50,50,0,0,0,0,0,0,0,0,0,118,0,1,0,1,0,0,0,0,0,15,15,201,10,FALSE,0,40,50,142,201,0,0,0,0,0,0,0
275,Unown-11,201,11,TRUE,13,13,26,26,26,48,72,48,72,48,48,255,0,2,185,0,4,50,50,0,0,0,0,0,0,0,0,0,118,0,1,0,1,0,0,0,0,0,15,15,201,11,FALSE,0,40,50,142,201,0,0,0,0,0,0,0
276,Unown-12,201,12,TRUE,13,13,26,26,26,48,72,48,72,48,48,255,0,2,185,0,4,50,50,0,0,0,0,0,0,0,0,0,118,0,1,0,1,0,0,0,0,0,15,15,201,12,FALSE,0,40,50,142,201,0,0,0,0,0,0,0
277,Unown-13,201,13,TRUE,13,13,26,26,26,48,72,48,72,48,48,255,0,2,185,0,4,50,50,0,0,0,0,0,0,0,0,0,118,0,1,0,1,0,0,0,0,0,15,15,201,13,FALSE,0,40,50,142,201,0,0,0,0,0,0,0
278,Unown-14,201,14,TRUE,13,13,26,26,26,48,72,48,72,48,48,255,0,2,185,0,4,50,50,0,0,0,0,0,0,0,0,0,118,0,1,0,1,0,0,0,0,0,15,15,201,14,FALSE,0,40,50,142,201,0,0,0,0,0,0,0
279,Unown-15,201,15,TRUE,13,13,26,26,26,48,72,48,72,48,48,255,0,2,185,0,4,50,50,0,0,0,0,0,0,0,0,0,118,0,1,0,1,0,0,0,0,0,15,15,201,15,FALSE,0,40,50,142,201,0,0,0,0,0,0,0
280,Unown-16,201,16,TRUE,13,13,26,26,26,48,72,48,72,48,48,255,0,2,185,0,4,50,50,0,0,0,0,0,0,0,0,0,118,0,1,0,1,0,0,0,0,0,15,15,201,16,FALSE,0,40,50,142,201,0,0,0,0,0,0,0
281,Unown-17,201,17,TRUE,13,13,26,26,26,48,72,48,72,48,48,255,0,2,185,0,4,50,50,0,0,0,0,0,0,0,0,0,118,0,1,0,1,0,0,0,0,0,15,15,201,17,FALSE,0,40,50,142,201,0,0,0,0,0,0,0
282,Unown-18,201,18,TRUE,13,13,26,26,26,48,72,48,72,48,48,255,0,2,185,0,4,50,50,0,0,0,0,0,0,0,0,0,118,0,1,0,1,0,0,0,0,0,15,15,201,18,FALSE,0,40,50,142,201,0,0,0,0,0,0,0
283,Unown-19,201,19,TRUE,13,13,26,26,26,48,72,48,72,48,48,255,0,2,185,0,4,50,50,0,0,0,0,0,0,0,0,0,118,0,1,0,1,0,0,0,0,0,15,15,201,19,FALSE,0,40,50,142,201,0,0,0,0,0,0,0
284,Unown-20,201,20,TRUE,13,13,26,26,26,48,72,48,72,48,48,255,0,2,185,0,4,50,50,0,0,0,0,0,0,0,0,0,118,0,1,0,1,0,0,0,0,0,15,15,201,20,FALSE,0,40,50,142,201,0,0,0,0,0,0,0
285,Unown-21,201,21,TRUE,13,13,26,26,26,48,72,48,72,48,48,255,0,2,185,0,4,50,50,0,0,0,0,0,0,0,0,0,118,0,1,0,1,0,0,0,0,0,15,15,201,21,FALSE,0,40,50,142,201,0,0,0,0,0,0,0
286,Unown-22,201,22,TRUE,13,13,26,26,26,48,72,48,72,48,48,255,0,2,185,0,4,50,50,0,0,0,0,0,0,0,0,0,118,0,1,0,1,0,0,0,0,0,15,15,201,22,FALSE,0,40,50,142,201,0,0,0,0,0,0,0
287,Unown-23,201,23,TRUE,13,13,26,26,26,48,72,48,72,48,48,255,0,2,185,0,4,50,50,0,0,0,0,0,0,0,0,0,118,0,1,0,1,0,0,0,0,0,15,15,201,23,FALSE,0,40,50,142,201,0,0,0,0,0,0,0
288,Unown-24,201,24,TRUE,13,13,26,26,26,48,72,48,72,48,48,255,0,2,185,0,4,50,50,0,0,0,0,0,0,0,0,0,118,0,1,0,1,0,0,0,0,0,15,15,201,24,FALSE,0,40,50,142,201,0,0,0,0,0,0,0
289,Unown-25,201,25,TRUE,13,13,26,26,26,48,72,48,72,48,48,255,0,2,185,0,4,50,50,0,0,0,0,0,0,0,0,0,118,0,1,0,1,0,0,0,0,0,15,15,201,25,FALSE,0,40,50,142,201,0,0,0,0,0,0,0
290,Unown-26,201,26,TRUE,13,13,26,26,26,48,72,48,72,48,48,255,0,2,185,0,4,50,50,0,0,0,0,0,0,0,0,0,118,0,1,0,1,0,0,0,0,0,15,15,201,26,FALSE,0,40,50,142,201,0,0,0,0,0,0,0
291,Unown-27,201,27,TRUE,13,13,26,26,26,48,72,48,72,48,48,255,0,2,185,0,4,50,50,0,0,0,0,0,0,0,0,0,118,0,1,0,1,0,0,0,0,0,15,15,201,27,FALSE,0,40,50,142,201,0,0,0,0,0,0,0
297,Gligar,207,0,TRUE,4,2,52,8,17,65,75,105,35,65,85,127,3,1,235,0,6,110,648,3286335616,251857031,1073894912,0,2890929153,369098784,2147490056,0,0,86,0,0,1,0,0,0,0,0,0,3,3,207,0,FALSE,0,20,50,185,207,0,0,0,185,185,822347681,33693889
298,Steelix,208,0,TRUE,8,4,69,5,125,75,85,200,55,65,30,127,0,2,135,0,7,920,4000,2272363264,37945477,135196,14,2349859842,1142439969,1082170440,10,128,179,0,0,2,0,0,0,0,233,0,10,10,95,0,FALSE,0,25,50,119,208,0,119,0,119,0,2684633790,168998017
303,Qwilfish-1,211,1,TRUE,16,3,38,33,22,65,95,85,55,55,85,127,0,1,235,0,7,50,39,2402304128,110110106,13312,0,217120889,38797346,2282766336,4,0,88,0,1,0,0,0,0,0,245,0,12,12,211,1,TRUE,1,20,50,84,211,0,0,84,0,0,17040464,41951588
304,Scizor,212,0,TRUE,6,8,68,101,135,70,130,100,55,80,65,127,0,2,115,0,0,180,1180,3282699008,218237319,3221247520,2,741355521,805322880,1088,0,128,175,0,2,0,0,0,0,0,0,0,3,3,123,0,FALSE,0,25,50,74,212,74,0,0,74,0,2449909025,135271424
307,Heracross,214,0,TRUE,6,1,68,62,153,80,125,75,40,95,85,127,5,2,85,0,1,150,540,2212529024,205852294,1073910786,3,481297539,2179072,3223324673,0,0,175,0,2,0,0,0,0,0,0,0,3,3,214,0,FALSE,0,25,50,75,214,75,0,0,75,0,1611071969,1544192
309,Sneasel,215,0,TRUE,16,14,39,51,124,55,95,55,35,75,115,127,3,1,235,0,4,90,280,2342879251,167807422,1075877923,0,2349863153,369229858,2147614720,0,0,86,0,0,0,0,0,1,0,217,0,5,5,215,1,TRUE,0,20,35,202,215,0,0,0,202,202,1397097761,41943841
310,Sneasel-1,215,1,TRUE,1,3,39,51,143,55,95,55,35,75,115,127,3,1,235,0,4,90,270,2342879251,167807422,1075877923,0,2349863153,369229858,2147614720,0,0,86,0,0,0,0,0,1,0,217,0,5,5,215,1,TRUE,1,20,35,202,215,0,0,0,202,202,1367835937,769
311,Teddiursa,216,0,TRUE,0,0,53,95,118,60,80,50,50,50,40,127,0,1,225,0,5,60,88,2749399099,167872902,167938,0,202400771,136381601,69206528,0,0,66,0,1,0,0,0,0,0,0,0,5,5,216,0,FALSE,0,20,50,112,216,0,112,0,112,0,1618838944,557056
312,Ursaring,217,0,TRUE,0,0,62,95,127,90,130,75,75,75,55,127,0,2,125,0,5,180,1258,2816508731,167872902,167939,4,202400899,136381609,2216692225,0,0,175,0,2,0,0,0,0,0,0,0,5,5,216,0,FALSE,0,20,50,113,217,0,113,0,113,0,1618838944,1740800
315,Swinub,220,0,TRUE,14,4,12,81,47,50,50,40,30,30,50,127,5,1,225,0,5,40,65,2405859328,2818187,135169,0,202507362,128,4104,0,0,50,0,1,0,0,0,0,0,0,0,5,5,220,0,FALSE,0,20,50,212,220,0,0,0,0,212,537658016,8421536
316,Piloswine,221,0,TRUE,14,4,12,81,47,100,100,80,60,60,50,127,5,2,125,0,5,110,558,2405860096,2818187,135177,4,202507362,128,1073747976,0,0,158,1,1,0,0,0,0,0,0,0,5,5,220,0,FALSE,0,20,50,213,221,0,0,0,0,213,537658024,9605280
319,Remoraid,223,0,TRUE,10,10,55,97,141,35,65,35,65,35,65,127,0,1,235,0,7,60,120,2342600960,83108758,4096,0,202483836,134217728,1049088,0,0,60,0,0,0,1,0,0,0,0,0,2,12,223,0,FALSE,0,20,50,146,223,0,0,146,0,0,295936,26214444
320,Octillery,224,0,TRUE,10,10,21,97,141,75,105,75,105,75,45,127,0,2,135,0,0,90,285,2342601472,116663190,4096,0,206678140,134217728,1065538,4,0,168,0,1,0,1,0,0,0,0,0,2,12,223,0,FALSE,0,20,50,147,224,0,0,147,0,0,295936,28316796
322,Mantine,226,0,TRUE,10,2,33,11,41,85,40,70,80,140,70,127,5,2,135,0,6,210,2200,2338325248,81077146,2147635200,0,202577018,134217728,34604544,12,0,170,0,0,0,0,2,0,0,0,0,2,2,226,0,FALSE,0,25,50,165,226,0,0,165,0,0,2684634496,9449508
330,Porygon2,233,0,TRUE,0,0,36,88,148,85,80,90,105,95,60,255,0,2,105,0,0,60,325,195054336,1879048582,537137344,0,2383944544,66,655392,0,0,180,0,0,0,2,0,0,0,0,0,10,10,233,0,FALSE,0,20,50,134,233,0,0,0,0,0,67374336,30413097
331,Stantler,234,0,TRUE,0,0,22,119,157,73,95,62,85,65,85,127,5,2,235,0,5,140,712,2208713216,1052806,168256,0,2651852546,131338,2153775138,0,0,163,0,1,0,0,0,0,0,0,0,5,5,234,0,FALSE,0,20,50,49,234,49,0,49,49,49,67503232,21057817
336,Elekid,239,0,TRUE,12,12,9,9,72,45,63,37,65,55,95,63,0,1,225,0,2,60,235,2208514107,134220674,331776,0,202378114,8,4259840,0,0,72,0,0,0,0,0,1,0,322,0,15,15,239,0,FALSE,0,25,50,182,239,0,0,0,182,182,7603232,20987912
337,Magby,240,0,TRUE,9,9,49,49,72,45,75,37,70,55,83,63,0,1,225,0,0,70,214,2208374827,402655940,4096,0,2349901830,8390680,0,0,0,73,0,0,0,0,0,1,0,323,0,15,15,240,0,FALSE,0,25,50,174,240,0,0,174,0,0,3440672,18874369
339,Blissey,242,0,TRUE,0,0,30,32,131,255,10,10,75,135,55,254,4,3,55,0,9,150,468,2875870011,2281769615,167937,4,2350436198,132362,275525665,0,0,635,3,0,0,0,0,0,0,231,0,6,6,113,0,FALSE,0,40,140,88,242,88,0,88,0,88,620645024,32528685
368,Wurmple,265,0,TRUE,6,6,19,19,50,45,45,35,20,30,20,127,0,1,245,0,0,30,36,0,0,262144,0,0,0,0,0,0,56,1,0,0,0,0,0,151,213,0,3,3,265,0,FALSE,0,15,50,18,265,18,0,18,0,0,0,0
369,Silcoon,266,0,TRUE,6,6,61,61,61,50,35,55,25,25,15,127,0,2,195,0,8,60,100,0,0,262144,0,0,16384,0,0,0,72,0,0,2,0,0,0,0,0,0,3,3,265,0,FALSE,0,15,50,19,266,19,0,19,0,0,0,0
370,Beautifly,267,0,TRUE,6,2,68,68,79,60,70,50,100,50,65,127,0,3,145,0,2,100,284,2477263616,16777348,2147767296,0,202377216,536887298,2,0,0,198,0,0,0,3,0,0,0,295,0,3,3,265,0,FALSE,0,15,50,20,267,20,0,20,0,0,134489344,17830160
371,Cascoon,268,0,TRUE,6,6,61,61,61,50,35,55,25,25,15,127,0,2,195,0,6,70,115,0,0,262144,0,0,16384,0,0,0,72,0,0,2,0,0,0,0,0,0,3,3,265,0,FALSE,0,15,50,21,268,21,0,21,0,0,0,0
372,Dustox,269,0,TRUE,6,3,19,19,14,60,50,70,50,90,65,127,0,3,145,0,3,120,316,2476870400,16777348,283648,0,206571520,536887298,134217730,0,0,193,0,0,0,0,3,0,0,295,0,3,3,265,0,FALSE,0,15,50,22,269,22,0,22,0,0,271616,17830224
383,Ralts,280,0,TRUE,13,17,28,36,140,28,25,25,45,35,40,127,5,1,225,0,8,40,66,2880324667,134222790,41947584,0,1309673730,132454,269230112,0,0,40,0,0,0,1,0,0,0,0,0,8,11,280,0,FALSE,0,20,35,101,280,0,101,0,0,101,74847232,29362472
384,Kirlia,281,0,TRUE,13,17,28,36,140,38,35,35,65,55,50,127,5,2,125,0,8,80,202,2880324667,134222790,41947584,0,1309673730,132454,269230112,0,0,97,0,0,0,2,0,0,0,0,0,8,11,280,0,FALSE,0,20,35,102,281,0,102,0,0,102,74847232,29362472
385,Gardevoir,282,0,TRUE,13,17,28,36,140,68,65,65,125,115,80,127,5,3,75,0,8,160,484,2880325435,939529158,444600768,0,1309673730,132454,269230115,0,0,259,0,0,0,3,0,0,0,0,0,8,11,280,0,FALSE,0,20,35,103,282,0,103,0,0,103,74847232,30415162
403,Nosepass,299,0,TRUE,5,5,5,42,159,30,45,135,45,90,30,127,0,1,235,0,7,100,970,2205171768,4391557,200704,4,202376962,2147500064,268474376,8,0,75,0,0,1,0,0,0,0,242,0,10,10,299,0,FALSE,0,20,50,190,299,0,0,0,190,0,544490144,4326528
424,Roselia,315,0,TRUE,11,3,30,38,102,50,60,45,100,80,65,127,3,2,125,0,3,30,20,2468351104,278918,5120,0,214958083,171966474,268444034,0,0,140,0,0,0,2,0,0,0,245,0,6,7,315,0,FALSE,0,20,50,90,315,0,90,0,90,0,17044544,2384
451,Barboach,339,0,TRUE,10,4,12,107,93,50,48,43,46,41,60,127,0,1,235,0,7,40,19,2334130176,3219611,135168,0,202572920,532484,1048584,0,0,58,1,0,0,0,0,0,0,0,0,12,12,339,0,FALSE,0,20,50,97,339,0,97,0,97,0,67371136,8396964
452,Whiscash,340,0,TRUE,10,4,12,107,93,110,78,73,76,71,60,127,0,2,135,0,1,90,236,2338325248,3367067,135168,4,202572920,532492,1050664,4,0,164,2,0,0,0,0,0,0,0,0,12,12,339,0,FALSE,0,20,50,98,340,0,98,0,98,0,604242336,9580708
471,Duskull,355,0,TRUE,7,7,26,26,119,20,40,90,30,90,25,127,4,1,225,0,4,80,150,2342518784,167777990,12480,0,202377314,67240294,524288,0,0,59,0,0,0,0,1,0,0,247,0,11,11,355,0,FALSE,0,25,35,158,355,0,0,158,0,158,134619136,58720552
472,Dusclops,356,0,TRUE,7,7,46,46,119,40,70,130,60,130,25,127,4,2,125,0,4,160,306,2346713915,167845574,143552,0,202394722,67240294,524288,0,0,159,0,0,1,0,1,0,0,247,0,11,11,355,0,FALSE,0,25,35,159,356,0,0,159,0,159,678846624,59773224
474,Chimecho,358,0,TRUE,13,13,26,26,26,75,50,80,95,90,65,127,4,2,135,0,1,60,10,2335064064,646,4160,0,235931648,136558,269230114,0,0,159,0,0,0,1,1,0,0,224,0,11,11,358,0,FALSE,0,25,50,196,358,0,0,0,196,196,67511296,16779576
478,Snorunt,361,0,TRUE,14,14,39,115,141,50,50,50,50,50,50,127,0,1,235,0,7,70,168,2334785536,49290,12297,0,210763874,3,0,0,0,60,1,0,0,0,0,0,0,649,0,6,10,361,0,FALSE,0,20,50,205,361,0,0,0,0,205,262216,8388900
479,Glalie,362,0,TRUE,14,14,39,115,141,80,80,80,80,80,80,127,0,2,135,0,7,150,2565,2402943744,34128010,143369,0,210764898,68157475,1024,0,0,168,2,0,0,0,0,0,0,0,0,6,10,361,0,FALSE,0,20,50,206,362,0,0,0,0,206,2147746008,42996004
481,Spheal,363,0,TRUE,14,10,47,115,12,70,40,50,55,50,25,127,3,1,225,0,1,80,395,2338324480,8462490,135168,0,3423667314,0,0,0,0,58,1,0,0,0,0,0,0,0,0,2,5,363,0,FALSE,0,20,50,143,363,0,0,143,0,0,537657520,8396837
482,Sealeo,364,0,TRUE,14,10,47,115,12,90,60,70,75,70,45,127,3,2,125,0,1,110,876,2338324480,8986778,135168,0,3423667314,0,0,0,0,144,2,0,0,0,0,0,0,0,0,2,5,363,0,FALSE,0,20,50,144,364,0,0,144,0,0,537657520,8396837
483,Walrein,365,0,TRUE,14,10,47,115,12,110,80,90,95,90,65,127,3,3,75,0,1,140,1506,2338325248,8986778,135177,4,3423667323,1,33792,12,0,265,3,0,0,0,0,0,0,0,0,2,5,363,0,FALSE,0,20,50,145,365,0,0,145,0,0,2685141176,9449509
515,Turtwig,387,0,TRUE,11,11,65,65,75,55,68,64,45,55,31,31,3,1,205,0,3,40,102,2469267456,393348,16781312,0,2349989891,134217857,2142346,0,1,64,0,1,0,0,0,0,0,0,0,1,7,387,0,FALSE,0,20,50,130,387,0,130,0,0,0,262816,145
516,Grotle,388,0,TRUE,11,11,65,65,75,75,89,85,55,65,36,31,3,2,105,0,3,110,970,2469267456,393348,16781312,0,2349989891,134217857,2142346,0,1,142,0,1,1,0,0,0,0,0,0,1,7,387,0,FALSE,0,20,50,131,388,0,131,0,0,0,262816,145
517,Torterra,389,0,TRUE,11,4,65,65,75,95,109,105,75,85,56,31,3,3,55,0,3,220,3100,2473462528,458885,16912384,4,2366768131,134217857,2145418,0,9,263,0,2,1,0,0,0,0,0,0,1,7,387,0,FALSE,0,20,50,132,389,0,132,0,0,0,2684617376,1446033
518,Chimchar,390,0,TRUE,9,9,66,66,89,44,58,44,58,44,61,31,3,1,205,0,5,50,62,2199953448,150997956,22530,0,3423641733,68152,2109968,0,2,62,0,0,0,0,0,1,0,0,0,5,8,390,0,FALSE,0,20,50,61,390,61,0,0,0,0,1077249824,2097153
519,Monferno,391,0,TRUE,9,1,66,66,89,64,78,52,78,52,81,31,3,2,105,0,5,90,220,2204147752,151063492,55298,0,3423641733,44108344,2109969,0,2,142,0,0,0,1,0,1,0,0,0,5,8,390,0,FALSE,0,20,50,62,391,62,0,0,0,0,1630897952,2097153
520,Infernape,392,0,TRUE,9,1,66,66,89,76,104,71,104,71,108,31,3,3,55,0,5,120,550,2204150568,151063492,186370,0,3423642757,44239416,2112017,0,18,267,0,1,0,1,0,1,0,0,0,5,8,390,0,FALSE,0,20,50,63,392,63,0,0,0,0,1639417760,3280897
521,Piplup,393,0,TRUE,10,10,67,67,128,53,51,53,61,56,40,31,3,1,205,0,1,40,52,2334162944,142682266,4096,0,202444920,0,3158016,0,4,63,0,0,0,1,0,0,0,0,0,2,5,393,0,FALSE,0,20,50,161,393,0,0,161,0,0,787232,8388644
522,Prinplup,394,0,TRUE,10,10,67,67,128,64,66,68,81,76,50,31,3,2,105,0,1,80,230,2334162944,142682266,4098,0,202444920,0,3158016,0,4,142,0,0,0,2,0,0,0,0,0,2,5,393,0,FALSE,0,20,50,162,394,0,0,162,0,0,1074529056,8388644
523,Empoleon,395,0,TRUE,10,8,67,67,128,84,86,88,111,101,60,31,3,3,55,0,1,170,845,3412099840,142682266,135171,0,202445945,16384,2150641728,4,36,265,0,0,0,3,0,0,0,0,0,2,5,393,0,FALSE,0,20,50,163,395,0,0,163,0,0,1611400096,143660068
524,Starly,396,0,TRUE,0,2,51,51,120,40,55,30,30,30,60,127,3,1,245,0,5,30,20,3282042944,16778374,4096,0,202379264,24,2097156,0,0,49,0,0,0,0,0,1,0,0,0,4,4,396,0,FALSE,0,15,50,12,396,12,0,12,0,0,271616,4096
525,Staravia,397,0,TRUE,0,2,22,22,120,55,75,50,40,40,80,127,3,2,145,0,5,60,155,3282042944,16778374,36864,0,202379264,24,2097156,0,0,119,0,0,0,0,0,2,0,0,0,4,4,396,0,FALSE,0,15,50,13,397,13,0,13,0,0,271616,4096
526,Staraptor,398,0,TRUE,0,2,22,22,120,85,120,70,50,60,100,127,3,3,95,0,5,120,249,3282043712,16778374,36864,0,202379264,2097176,2097156,0,0,243,0,3,0,0,0,0,0,0,0,4,4,396,0,FALSE,0,15,50,14,398,14,0,14,0,0,304384,1052672
527,Bidoof,399,0,TRUE,0,0,86,109,141,59,45,40,35,40,31,127,0,1,255,0,5,50,200,2342567936,134,36864,0,2349990753,163,2109440,0,0,50,1,0,0,0,0,0,0,0,0,2,5,399,0,FALSE,0,15,50,10,399,10,10,10,0,10,263712,12591401
528,Bibarel,400,0,TRUE,0,10,86,109,141,79,85,60,55,60,71,127,0,2,155,0,5,100,315,2342568704,134226326,167936,4,2350056305,163,3158016,4,0,144,0,2,0,0,0,0,0,0,0,2,5,399,0,FALSE,0,15,50,11,400,11,11,11,0,11,263840,13644077
529,Kricketot,401,0,TRUE,6,6,61,61,50,37,25,41,25,41,25,127,3,1,255,0,0,30,22,0,0,0,0,0,8,0,0,0,39,0,0,1,0,0,0,0,277,0,3,3,401,0,FALSE,0,15,50,39,401,39,39,0,0,0,0,0
530,Kricketune,402,0,TRUE,6,6,68,68,101,77,85,51,55,51,65,127,3,2,205,0,0,100,255,2199978752,2182,1073745920,0,202645505,805307432,2147483648,0,0,134,0,2,0,0,0,0,0,277,0,3,3,401,0,FALSE,0,15,50,40,402,40,40,0,0,0,402948385,1052672
531,Shinx,403,0,TRUE,12,12,79,22,62,45,65,34,40,34,45,127,3,1,225,0,1,50,95,2275557376,33666,539037724,0,2349859584,1,71368704,2,0,53,0,1,0,0,0,0,0,0,0,5,5,403,0,FALSE,0,20,50,15,403,15,0,0,15,0,787470,4735497
532,Luxio,404,0,TRUE,12,12,79,22,62,60,85,49,60,49,60,127,3,2,125,0,1,90,305,2275557376,33666,539037724,0,2349859584,1,71368704,2,0,127,0,2,0,0,0,0,0,0,0,5,5,403,0,FALSE,0,20,100,16,404,16,0,0,16,0,787470,4735497
533,Luxray,405,0,TRUE,12,12,79,22,62,80,120,79,95,79,70,127,3,3,75,0,1,140,420,2275558144,33666,606146588,0,2349863680,129,2218852352,2,0,262,0,3,0,0,0,0,0,0,0,5,5,403,0,FALSE,0,20,50,17,405,17,0,0,17,0,787470,5788169
534,Budew,406,0,TRUE,11,3,30,38,102,40,30,35,50,70,55,127,3,1,225,0,3,20,12,2468350080,278918,5120,0,214958081,134217738,268443778,0,0,56,0,0,0,1,0,0,0,245,0,15,15,406,0,FALSE,0,20,50,89,406,0,89,0,89,0,17040448,2384
535,Roserade,407,0,TRUE,11,3,30,38,101,60,70,65,125,105,90,127,3,3,75,0,3,90,145,2468351872,278918,16782336,0,214958083,171966474,402661762,0,0,258,0,0,0,3,0,0,0,245,0,6,7,315,0,FALSE,0,20,50,91,407,0,91,0,91,0,17044544,1055056
536,Cranidos,408,0,TRUE,5,5,104,104,125,67,125,40,30,30,58,31,1,1,215,0,1,90,315,2279702568,234946695,135168,0,2349901669,1073741961,7208,0,0,70,0,1,0,0,0,0,0,0,0,1,1,408,0,FALSE,0,30,50,208,408,0,0,0,0,0,2754904736,14811265
537,Rampardos,409,0,TRUE,5,5,104,104,125,97,165,60,65,50,58,31,1,2,115,0,1,160,1025,2279703336,234949015,135169,4,2366678901,1073741961,7209,0,0,173,0,2,0,0,0,0,0,0,0,1,1,408,0,FALSE,0,30,50,209,409,0,0,0,0,0,2754921120,16126081
538,Shieldon,410,0,TRUE,5,8,5,5,43,30,42,118,42,88,30,31,1,1,215,0,7,50,570,2271313920,4259975,135168,0,2349901670,16416,40008,0,0,70,0,0,1,0,0,0,0,0,0,1,1,410,0,FALSE,0,30,50,210,410,0,0,0,0,0,2684650144,149030017
539,Bastiodon,411,0,TRUE,5,8,5,5,43,60,52,168,47,138,30,31,1,2,115,0,7,130,1495,2271314688,4259975,135169,4,2366678886,16416,40008,0,0,173,0,0,2,0,0,0,0,0,0,1,1,410,0,FALSE,0,30,50,211,411,0,0,0,0,0,2684666528,150344833
540,Burmy,412,0,TRUE,6,6,61,61,142,40,29,45,29,45,36,127,0,1,235,0,3,20,34,0,0,262144,0,0,0,0,0,0,45,0,0,0,0,1,0,0,0,0,3,3,412,0,FALSE,0,15,50,43,412,43,43,43,43,43,0,0
541,Burmy-1,412,1,TRUE,6,6,61,61,142,40,29,45,29,45,36,127,0,1,235,0,5,20,34,0,0,262144,0,0,0,0,0,0,45,0,0,0,0,1,0,0,0,0,3,3,412,1,FALSE,0,15,50,43,412,43,43,43,43,43,0,0
542,Burmy-2,412,2,TRUE,6,6,61,61,142,40,29,45,29,45,36,127,0,1,235,0,0,20,34,0,0,262144,0,0,0,0,0,0,45,0,0,0,0,1,0,0,0,0,3,3,412,2,FALSE,0,15,50,43,412,43,43,43,43,43,0,0
543,Wormadam,413,0,TRUE,6,11,107,107,142,60,59,85,79,105,36,254,0,2,135,0,3,50,65,2477296384,262278,267264,0,202377216,671088906,8322,0,0,148,0,0,0,0,2,0,0,222,0,3,3,412,0,FALSE,0,15,50,44,413,44,44,44,44,44,266240,17830160
544,Wormadam-1,413,1,TRUE,6,4,107,107,142,60,79,105,59,85,36,254,0,2,135,0,5,50,65,2477296384,4259975,398336,0,202378240,536871178,4104,0,0,148,0,0,2,0,0,0,0,222,0,3,3,412,1,FALSE,0,15,50,44,413,44,44,44,44,44,262784,17830272
545,Wormadam-2,413,2,TRUE,6,8,107,107,142,60,69,95,69,95,36,254,0,2,135,0,0,50,65,2477296384,134,267264,0,202377216,537936138,5696,0,0,148,0,0,1,0,1,0,0,222,0,3,3,412,2,FALSE,0,15,50,44,413,44,44,44,44,44,2147746304,152048896
546,Mothim,414,0,TRUE,6,2,68,68,110,70,94,50,94,50,66,0,0,2,135,0,2,90,233,2477263616,16777350,2147767296,0,202377216,536871170,2,0,0,148,0,1,0,1,0,0,0,222,0,3,3,412,0,FALSE,0,15,50,45,414,45,45,45,45,45,271616,17830160
547,Mothim-1,414,1,TRUE,6,2,68,68,110,70,94,50,94,50,66,0,0,2,135,0,2,90,233,2477263616,16777350,2147767296,0,202377216,536871170,2,0,0,148,0,1,0,1,0,0,0,222,0,3,3,412,1,FALSE,0,15,50,45,414,45,45,45,45,45,271616,17830160
548,Mothim-2,414,2,TRUE,6,2,68,68,110,70,94,50,94,50,66,0,0,2,135,0,2,90,233,2477263616,16777350,2147767296,0,202377216,536871170,2,0,0,148,0,1,0,1,0,0,0,222,0,3,3,412,2,FALSE,0,15,50,45,414,45,45,45,45,45,271616,17830160
549,Combee,415,0,TRUE,6,2,118,118,55,30,30,42,30,42,70,31,3,1,235,0,2,30,55,16777216,0,0,0,0,536870912,0,0,0,49,0,0,0,0,0,1,0,94,0,3,3,415,0,FALSE,0,15,50,70,415,70,70,70,0,0,9216,0
550,Vespiquen,416,0,TRUE,6,2,46,46,127,70,80,102,80,102,40,254,3,2,135,0,2,120,385,2208367488,218105254,2147513856,0,208666624,2956984328,0,0,0,166,0,0,1,0,1,0,0,245,0,3,3,415,0,FALSE,0,15,50,71,416,71,71,71,0,0,268723456,1052736
551,Pachirisu,417,0,TRUE,12,12,50,53,10,60,45,70,45,90,95,127,0,2,185,0,8,40,39,2736963616,151028354,331776,0,2349859584,134217736,74240,0,0,142,0,0,0,0,0,1,0,0,0,5,6,417,0,FALSE,0,10,100,109,417,0,109,0,0,0,2884608,4718601
552,Buizel,418,0,TRUE,10,10,33,33,41,55,65,35,60,30,85,127,0,1,235,0,5,70,295,2334162960,8465306,1052672,0,2886799480,65536,1048576,0,0,66,0,0,0,0,0,1,0,0,0,2,5,418,0,FALSE,0,20,50,41,418,41,0,41,0,0,4523040,8396837
553,Floatzel,419,0,TRUE,10,10,33,33,41,85,105,55,85,50,115,127,0,2,135,0,5,110,335,2334163728,42019738,1052680,0,2886799608,65569,1048577,4,0,173,0,0,0,0,0,2,0,0,0,2,5,418,0,FALSE,0,20,50,42,419,42,0,42,0,0,4523048,9449509
554,Cherubi,420,0,TRUE,11,11,34,34,34,45,35,45,62,53,35,127,0,1,235,0,9,40,33,2468875264,279172,25169920,0,202375169,134217728,268443650,1,0,55,0,0,0,1,0,0,0,239,0,6,7,420,0,FALSE,0,20,50,66,420,66,66,0,66,0,266240,2064
555,Cherrim,421,0,TRUE,11,11,122,122,122,70,60,70,87,78,85,127,0,2,135,0,6,50,93,2468880128,279172,25169920,0,202375169,134217728,335552514,1,0,158,0,0,0,2,0,0,0,239,0,6,7,420,0,FALSE,0,20,50,67,421,67,67,0,67,0,266240,1579024
556,Cherrim-1,421,1,TRUE,11,11,122,122,122,70,90,70,87,117,85,127,0,2,135,0,9,50,93,2468880128,279172,25169920,0,202375169,134217728,335552514,1,0,182,0,0,0,2,0,0,0,239,0,6,7,420,0,FALSE,0,20,50,67,421,67,67,0,67,0,266240,1579024
557,Shellos,422,0,TRUE,10,10,60,114,159,76,48,48,57,62,34,127,0,1,235,0,6,30,63,2334130176,10494106,4096,0,202506362,8192,1048584,0,0,65,1,0,0,0,0,0,0,0,0,2,11,422,0,FALSE,0,20,50,82,422,82,0,82,0,0,262144,8388772
558,Shellos-1,422,1,TRUE,10,10,60,114,159,76,48,48,57,62,34,127,0,1,235,0,1,30,63,2334130176,10494106,4096,0,202506362,8192,1048584,0,0,65,1,0,0,0,0,0,0,0,0,2,11,422,1,FALSE,0,20,50,82,422,82,0,82,0,0,262144,8388772
559,Gastrodon,423,0,TRUE,10,4,60,114,159,111,83,68,92,82,39,127,0,2,135,0,6,90,299,2338358016,10707099,135168,4,206767226,8192,1067016,0,0,166,2,0,0,0,0,0,0,0,0,2,11,422,0,FALSE,0,20,50,83,423,83,0,83,0,0,537133216,9572580
560,Gastrodon-1,423,1,TRUE,10,4,60,114,159,111,83,68,92,82,39,127,0,2,135,0,1,90,299,2338358016,10707099,135168,4,206767226,8192,1067016,0,0,166,2,0,0,0,0,0,0,0,0,2,11,422,1,FALSE,0,20,50,83,423,83,0,83,0,0,537133216,9572580
561,Ambipom,424,0,TRUE,0,0,101,53,92,75,100,66,60,66,115,127,4,2,135,0,6,120,203,2208418619,252743078,1103874,2,3960492930,134217770,2236944,0,0,169,0,0,0,0,0,2,0,0,0,5,5,190,0,FALSE,0,20,100,79,424,79,0,79,0,79,1081345312,5247237
562,Drifloon,425,0,TRUE,7,2,106,84,138,90,50,34,60,44,70,127,2,1,235,0,6,40,12,2343583744,33571270,28672,2,739388162,1179970,524288,0,0,70,1,0,0,0,0,0,0,0,0,11,11,425,0,FALSE,0,30,50,37,425,37,0,37,0,37,435200,20971818
563,Drifblim,426,0,TRUE,7,2,106,84,138,150,80,44,90,54,80,127,2,2,135,0,6,120,150,2343584576,33575366,4222976,2,739388162,1179970,524288,0,0,174,2,0,0,0,0,0,0,0,0,11,11,425,0,FALSE,0,30,50,38,426,38,0,38,0,38,451584,22024490
564,Buneary,427,0,TRUE,0,0,50,103,7,55,66,44,44,56,85,127,0,1,235,0,5,40,55,2736834619,2383446918,38912,0,3960476064,5130,69214208,0,0,70,0,0,0,0,0,1,0,0,0,5,8,427,0,FALSE,0,20,0,64,427,64,0,0,0,64,16516128,13107469
565,Lopunny,428,0,TRUE,0,0,56,103,7,65,76,84,54,96,105,127,0,2,135,0,5,120,333,2736835387,2400224134,55296,2,3962573792,18879498,69214209,0,0,168,0,0,0,0,0,2,0,0,0,5,8,427,0,FALSE,0,20,140,65,428,65,0,0,0,65,16516128,14160141
567,Mismagius,429,0,TRUE,7,7,26,26,26,60,60,60,105,105,105,127,4,2,135,0,6,90,44,2342602496,33591494,272642496,0,202377984,2214724970,269090834,0,0,173,0,0,0,1,1,0,0,0,0,11,11,200,0,FALSE,0,25,35,198,429,0,0,0,198,198,406784,55580986
568,Honchkrow,430,0,TRUE,16,2,15,105,153,100,125,52,105,52,71,127,3,2,135,0,4,90,273,3483452224,100664486,2149617664,0,202377216,67240122,33685524,0,0,177,0,2,0,0,0,0,0,0,0,4,4,198,0,FALSE,0,20,35,141,430,0,141,141,0,0,402688,51385120
569,Glameow,431,0,TRUE,0,0,7,20,51,49,55,42,42,37,85,191,4,1,255,0,7,50,39,2745204736,117473414,36866,0,2349859584,1058,69337088,0,0,62,0,0,0,0,0,1,0,0,0,5,5,431,0,FALSE,0,20,50,152,431,0,0,152,0,152,1074005248,4718853
570,Purugly,432,0,TRUE,0,0,47,20,128,71,82,64,64,59,112,191,4,2,155,0,7,100,438,2745205504,117473414,167938,4,2349859586,1058,69337088,0,0,158,0,0,0,0,0,2,0,0,0,5,5,431,0,FALSE,0,20,50,153,432,0,0,153,0,153,1074005376,5771525
571,Chingling,433,0,TRUE,13,13,26,26,26,45,30,50,65,50,45,127,4,1,235,0,2,20,6,2335064064,646,4160,0,235931648,136558,269230112,0,0,57,0,0,0,1,0,0,0,224,0,15,15,433,0,FALSE,0,25,50,195,433,0,0,0,195,195,67511296,16779576
572,Stunky,434,0,TRUE,3,16,1,106,51,63,63,47,41,41,74,127,0,1,235,0,6,40,192,2275508224,100663686,3159042,0,2354094084,67108899,2348941328,0,0,66,0,0,0,0,0,1,0,0,0,5,5,434,0,FALSE,0,20,50,110,434,0,110,0,110,0,1090815008,36176705
573,Skuntank,435,0,TRUE,3,16,1,106,51,103,93,67,71,61,84,127,0,2,135,0,6,100,380,2275517184,100663686,3159042,0,2354094084,100663331,2348941328,0,0,168,2,0,0,0,0,0,0,0,0,5,5,434,0,FALSE,0,20,50,111,435,0,111,0,111,0,1090815008,37229377
574,Bronzor,436,0,TRUE,8,13,26,85,134,57,24,86,24,86,23,255,0,1,235,0,3,50,605,57542656,1912672391,143552,0,235932672,1196358,569408,0,128,60,0,0,1,0,0,0,0,233,0,10,10,436,0,FALSE,0,20,50,180,436,0,0,0,180,180,537133696,150996232
575,Bronzong,437,0,TRUE,8,13,26,85,134,67,89,116,79,116,33,255,0,2,135,0,3,130,1870,57543424,1912688775,134361280,0,235932672,1196358,570464,8,128,175,0,0,1,0,1,0,0,233,0,10,10,436,0,FALSE,0,20,50,181,437,0,0,0,181,181,2751726240,152048904
576,Bonsly,438,0,TRUE,5,5,5,69,155,50,80,95,10,45,10,127,0,1,235,0,5,50,150,2213576704,232069,4096,4,202375296,131080,135176,0,0,58,0,0,1,0,0,0,0,0,0,15,15,438,0,FALSE,0,20,50,123,438,0,123,0,123,0,537264640,128
577,Mime Jr.,439,0,TRUE,13,17,43,111,101,20,25,45,70,90,60,127,0,1,235,0,9,60,130,2880325632,2281704070,167776704,0,1846545152,131438,269230096,0,0,62,0,0,0,0,1,0,0,0,0,15,15,439,0,FALSE,0,25,50,76,439,76,0,0,0,0,75890688,20973864
578,Happiny,440,0,TRUE,0,0,30,32,132,100,5,5,15,65,30,254,4,1,205,0,9,60,244,2871674880,2281702030,4096,0,202426372,1034,2367520,0,0,110,1,0,0,0,0,0,110,0,0,15,15,440,0,FALSE,0,40,140,86,440,86,0,86,0,86,76414976,18874660
579,Chatot,441,0,TRUE,0,2,51,77,145,76,65,45,92,42,91,127,3,2,125,0,4,50,19,3282042944,16777350,4096,0,1276121088,1080,2097168,0,0,144,0,1,0,0,0,0,0,277,0,4,4,441,0,FALSE,0,20,35,157,441,0,0,157,0,0,288000,524800
580,Spiritomb,442,0,TRUE,7,16,46,46,151,50,92,108,92,108,35,127,0,2,65,0,6,100,1080,2342519552,33624262,6336640,0,202377216,67240042,655376,0,0,170,0,0,1,0,1,0,0,0,0,11,11,442,0,FALSE,0,30,50,139,442,0,0,0,0,0,401408,51385124
581,Gible,443,0,TRUE,15,4,8,8,24,58,70,45,40,45,42,127,5,1,205,0,1,70,205,2271248384,2294151,135170,0,2366669830,1073774592,7176,0,64,60,0,1,0,0,0,0,0,0,0,1,14,443,0,FALSE,0,40,50,187,443,0,0,0,187,187,2684618656,69599361
582,Gabite,444,0,TRUE,15,4,8,8,24,68,90,65,50,55,82,127,5,2,105,0,1,140,560,2271248384,2294151,135170,0,2366669830,1073774592,7176,0,64,144,0,2,0,0,0,0,0,0,0,1,14,443,0,FALSE,0,40,50,188,444,0,0,0,188,188,3758360480,69599361
583,Garchomp,445,0,TRUE,15,4,8,8,24,108,130,95,80,85,102,127,5,3,55,0,1,190,950,2271249152,136513943,1073877010,14,2366669847,1107329025,7176,0,64,300,0,3,0,0,0,0,0,0,0,1,14,443,0,FALSE,0,40,50,189,445,0,0,0,189,189,3775137699,70660225
585,Munchlax,446,0,TRUE,0,0,53,47,82,135,85,40,40,85,5,31,5,1,255,0,4,60,1050,2876311615,134285463,167936,4,1276301182,134218890,2097696,0,0,78,1,0,0,0,0,0,234,234,0,15,15,446,0,FALSE,0,40,50,51,446,51,0,0,0,51,611582112,31494436
586,Riolu,447,0,TRUE,1,1,80,39,158,40,70,40,35,40,60,31,3,1,215,0,1,70,202,2204205107,2315325318,169986,0,2351961217,33636865,2097201,0,0,57,0,1,0,0,0,0,0,0,0,15,15,447,0,FALSE,0,25,50,223,447,0,0,0,0,223,1709540512,1
587,Lucario,448,0,TRUE,1,8,80,39,154,70,110,70,115,70,90,31,3,2,115,0,1,120,540,2271314739,2315325318,169986,0,2351971457,1193492995,2099313,0,128,184,0,1,0,1,0,0,0,0,0,5,8,447,0,FALSE,0,25,50,224,448,0,0,0,0,224,1709671584,185734405
589,Hippopotas,449,0,TRUE,4,4,45,45,159,68,72,78,38,42,32,127,5,1,235,0,5,80,495,2204139520,2311301,135168,4,2349990914,8321,1073745928,0,0,66,0,0,1,0,0,0,0,0,0,5,5,449,0,FALSE,0,30,50,107,449,0,107,0,107,0,537133728,32901
590,Hippowdon,450,0,TRUE,4,4,45,45,159,108,112,118,68,72,47,127,5,2,135,0,5,200,3000,2204140288,2311301,135196,4,2349990914,8321,1073781768,8,0,184,0,0,2,0,0,0,0,0,0,5,5,449,0,FALSE,0,30,50,108,450,0,108,0,108,0,2684617390,1216645
591,Skorupi,451,0,TRUE,3,6,4,97,51,40,50,90,30,55,65,127,5,1,235,0,6,80,120,2275508352,234948742,1073747456,0,2354057217,910164003,0,0,0,66,0,0,1,0,0,0,0,245,0,3,9,451,0,FALSE,0,20,50,148,451,0,0,148,0,0,285475105,33562945
592,Drapion,452,0,TRUE,3,16,4,97,51,70,90,110,60,75,95,127,5,2,135,0,6,130,615,2279703424,235079814,1076008476,6,2354320385,910180387,2281701376,0,0,175,0,0,2,0,0,0,0,245,0,3,9,451,0,FALSE,0,20,50,149,452,0,0,149,0,0,956563887,34616129
593,Croagunk,453,0,TRUE,3,1,107,87,143,48,61,40,61,40,50,127,0,1,235,0,1,70,230,2346811443,2383482502,171008,0,1817183360,369164322,136462865,0,0,60,0,1,0,0,0,0,0,281,0,8,8,453,0,FALSE,0,10,100,99,453,0,99,99,99,0,837091488,33554912
594,Toxicroak,454,0,TRUE,3,1,107,87,143,83,106,65,86,65,85,127,0,2,135,0,1,130,444,2346812211,2383482502,171520,0,1817183361,369164322,2283948561,0,0,172,0,2,0,0,0,0,0,281,0,8,8,453,0,FALSE,0,20,50,100,454,0,100,100,100,0,837091488,34738656
595,Carnivine,455,0,TRUE,11,11,26,26,26,74,100,72,90,72,46,127,5,2,185,0,3,140,270,2476740352,168034436,4096,0,206569473,134217729,2147492098,0,0,159,0,2,0,0,0,0,0,0,0,7,7,455,0,FALSE,0,25,50,92,455,0,92,0,92,0,134483968,1052752
596,Finneon,456,0,TRUE,10,10,33,114,41,49,49,56,49,61,66,127,1,1,235,0,1,40,70,2871525376,59777178,4096,0,202444912,0,1048576,0,0,66,0,0,0,0,0,1,0,0,0,12,12,456,0,FALSE,0,20,50,172,456,0,0,172,0,0,795648,8396836
597,Lumineon,457,0,TRUE,10,10,33,114,41,69,69,76,69,86,91,127,1,2,135,0,1,120,240,2871526144,59777178,4096,0,202444912,0,1048576,0,0,161,0,0,0,0,0,2,0,0,0,12,12,456,0,FALSE,0,20,50,173,457,0,0,173,0,0,795904,9449508
598,Mantyke,458,0,TRUE,10,2,33,11,41,45,20,50,60,120,50,127,5,1,235,0,1,100,650,2338324480,1057690,2147635200,0,202577016,0,1048576,0,0,69,0,0,0,0,1,0,0,0,0,15,15,458,0,FALSE,0,25,50,164,458,0,0,164,0,0,537134464,8388644
599,Snover,459,0,TRUE,11,14,117,117,43,60,62,50,62,60,40,127,5,1,235,0,8,100,505,2603224081,278666,4097,0,2349858913,134217730,8194,0,0,67,0,1,0,0,0,0,0,246,0,1,7,459,0,FALSE,0,20,50,217,459,0,0,0,0,217,4460544,8388917
600,Abomasnow,460,0,TRUE,11,14,117,117,43,90,92,75,92,85,60,127,5,2,135,0,8,220,1355,2607419155,135088266,135169,4,2366637153,134217730,8331,0,0,173,0,1,0,1,0,0,0,246,0,1,7,459,0,FALSE,0,20,50,218,460,0,0,0,0,218,541331616,9703861
602,Weavile,461,0,TRUE,16,14,46,46,124,70,120,65,45,85,125,127,3,2,135,0,4,110,340,2342880019,235441598,1075877923,0,2349863153,369229858,2147614737,0,0,179,0,1,0,0,0,1,0,217,0,5,5,215,1,TRUE,0,20,35,204,461,0,0,0,204,204,1397097761,42996513
603,Magnezone,462,0,TRUE,12,8,42,5,148,70,70,115,130,90,60,255,0,3,75,0,7,120,1800,53953280,390,67440640,0,202900224,1064960,4817984,8,128,268,0,0,0,3,0,0,0,233,0,10,10,81,0,FALSE,0,20,50,179,462,0,0,0,179,0,2147748864,139482120
604,Lickilicky,463,0,TRUE,0,0,20,12,13,110,85,95,80,95,50,127,0,2,135,0,9,170,1400,2347862843,134285975,167936,6,2350024575,1056770,2097441,8,0,180,3,0,0,0,0,0,0,279,0,1,1,108,0,FALSE,0,20,50,126,463,0,126,0,0,126,611582128,15741221
605,Rhyperior,464,0,TRUE,4,5,31,116,120,115,140,130,55,55,40,127,5,3,75,0,7,240,2828,2413855551,174131863,135199,15,2637203327,1107312777,1098947657,8,0,268,0,3,0,0,0,0,0,0,0,1,5,111,0,FALSE,0,20,50,122,464,0,122,0,122,0,3782476462,16233633
606,Tangrowth,465,0,TRUE,11,11,34,102,144,100,100,125,110,50,50,127,0,2,135,0,1,200,1286,2481199872,436537476,16912384,6,206701571,167772160,8579,0,0,187,0,0,2,0,0,0,0,0,0,7,7,114,0,FALSE,0,20,50,96,465,0,96,96,0,0,553910688,1052752
607,Electivire,466,0,TRUE,12,12,78,78,72,75,123,67,95,85,95,63,0,3,75,0,2,180,1386,2212741947,134302594,67573760,4,2349862790,40,541130753,0,0,270,0,3,0,0,0,0,0,322,0,8,8,239,0,FALSE,0,25,50,184,466,0,0,0,184,184,544474272,24137737
608,Magmortar,467,0,TRUE,9,9,49,49,72,75,95,67,125,95,83,63,0,3,75,0,0,160,680,2212506411,402737860,268572672,4,2349903238,8390712,1,0,0,270,0,0,0,3,0,0,0,323,0,8,8,240,0,FALSE,0,25,50,176,467,0,0,176,0,0,540311712,24121347
609,Togekiss,468,0,TRUE,17,2,55,32,105,85,50,95,120,115,80,31,4,3,55,0,8,150,380,3811462979,2281708422,2424344576,1,1847248902,16778334,338436144,0,0,273,0,0,0,2,1,0,0,0,0,4,6,175,0,FALSE,0,10,50,129,468,129,129,129,0,0,76430624,20453638
610,Yanmega,469,0,TRUE,6,2,3,110,119,86,76,86,116,56,95,127,0,2,135,0,3,190,515,3550546688,16777348,2147487744,0,204740609,536870922,0,0,0,180,0,2,0,0,0,0,0,265,0,3,3,193,0,FALSE,0,20,50,106,469,0,106,0,106,0,134489344,17830144
611,Leafeon,470,0,TRUE,11,11,102,102,34,65,110,130,60,65,95,31,0,2,115,0,3,100,255,3005259524,312198,36864,0,2886737923,402916354,2367618,0,0,184,0,0,2,0,0,0,0,0,0,5,5,133,0,TRUE,0,35,35,31,470,31,0,31,0,31,269391136,1052945
612,Glaceon,471,0,TRUE,14,14,81,81,115,65,60,110,130,95,65,31,0,2,115,0,1,80,259,2871034628,574350,36873,0,2886738018,1026,2359296,0,0,184,0,0,0,2,0,0,0,0,0,5,5,133,0,TRUE,0,35,35,32,471,32,0,32,0,32,951336,9449765
613,Gliscor,472,0,TRUE,4,2,52,8,90,75,95,125,45,75,95,127,3,2,135,0,6,200,425,3353445248,251857031,1073894940,2,2890929153,369098784,2147490056,2,0,179,0,0,2,0,0,0,0,0,0,3,3,207,0,FALSE,0,20,50,186,472,0,0,0,186,186,822364143,34746561
614,Mamoswine,473,0,TRUE,14,4,12,81,47,110,130,80,70,60,80,127,5,3,75,0,5,250,2910,2405860096,7012491,135177,4,202507362,128,1073781768,8,0,265,0,3,0,0,0,0,0,0,0,5,5,220,0,FALSE,0,20,50,214,473,0,0,0,0,214,2685141672,9605280
615,Porygon-Z,474,0,TRUE,0,0,91,88,148,85,80,70,135,75,90,255,0,3,55,0,0,90,340,195054336,1879048582,537137344,0,2383944544,67108938,655408,0,0,268,0,0,0,3,0,0,0,0,0,10,10,474,0,FALSE,0,20,50,135,474,0,0,0,0,0,67390720,63967529
616,Gallade,475,0,TRUE,13,1,80,80,154,68,125,65,65,115,80,0,5,3,75,0,8,160,520,2884523835,2281775046,3263338976,0,1311772035,321324390,2418812963,0,0,259,0,3,0,0,0,0,0,0,0,8,11,280,0,FALSE,0,20,35,104,475,0,104,0,0,104,938972577,30546232
618,Probopass,476,0,TRUE,5,8,5,42,159,60,55,145,75,150,40,127,0,2,135,0,7,140,3400,2205172536,4391557,200704,4,202901250,2147500068,268999752,8,0,184,0,0,1,0,2,0,0,242,0,10,10,299,0,FALSE,0,20,50,191,476,0,0,0,191,0,2691975840,139596928
619,Dusknoir,477,0,TRUE,7,7,46,46,119,45,100,135,65,135,45,127,4,3,75,0,4,220,1066,2346713915,167845574,143552,0,202394722,67240294,537395201,0,0,263,0,0,1,0,2,0,0,247,0,11,11,355,0,FALSE,0,25,35,160,477,0,0,160,0,160,678846624,59773224
620,Froslass,478,0,TRUE,14,7,81,81,130,70,80,70,80,70,110,254,0,2,135,0,8,130,266,2871935760,168349898,8400905,0,210766690,99,524288,0,0,168,0,0,0,0,0,2,0,0,0,6,10,361,0,FALSE,0,20,50,207,478,0,0,0,0,207,4464712,30413092
621,Rotom,479,0,TRUE,12,7,26,26,26,50,50,77,95,77,91,255,0,2,85,0,0,30,3,61227008,966,604319744,0,202375936,67109962,983056,0,0,154,0,0,0,1,0,1,0,0,0,11,11,479,0,FALSE,0,20,50,194,479,0,0,0,194,0,271360,37749000
622,Rotom-1,479,1,TRUE,12,9,26,26,26,50,65,107,105,107,86,255,0,2,85,0,0,30,3,61227008,966,604319744,0,202375936,67109962,983056,0,0,182,0,0,0,1,0,1,0,0,0,11,11,479,0,FALSE,0,20,50,194,479,0,0,0,194,0,271360,37749000
623,Rotom-2,479,2,TRUE,12,10,26,26,26,50,65,107,105,107,86,255,0,2,85,0,0,30,3,61227008,966,604319744,0,202375936,67109962,983056,0,0,182,0,0,0,1,0,1,0,0,0,11,11,479,0,FALSE,0,20,50,194,479,0,0,0,194,0,271360,37749000
624,Rotom-3,479,3,TRUE,12,14,26,26,26,50,65,107,105,107,86,255,0,2,85,0,0,30,3,61227008,966,604319744,0,202375936,67109962,983056,0,0,182,0,0,0,1,0,1,0,0,0,11,11,479,0,FALSE,0,20,50,194,479,0,0,0,194,0,271360,37749000
625,Rotom-4,479,4,TRUE,12,2,26,26,26,50,65,107,105,107,86,255,0,2,85,0,0,30,3,61227008,966,604319744,0,202375936,67109962,983056,0,0,182,0,0,0,1,0,1,0,0,0,11,11,479,0,FALSE,0,20,50,194,479,0,0,0,194,0,271360,37749000
626,Rotom-5,479,5,TRUE,12,11,26,26,26,50,65,107,105,107,86,255,0,2,85,0,0,30,3,61227008,966,604319744,0,202375936,67109962,983056,0,0,182,0,0,0,1,0,1,0,0,0,11,11,479,0,FALSE,0,20,50,194,479,0,0,0,194,0,271360,37749000
627,Uxie,480,0,TRUE,13,13,26,26,26,75,75,130,75,130,95,255,5,3,45,0,2,30,3,321801016,2298483591,8409568,0,3994700544,131398,336474162,0,0,290,0,0,2,0,1,0,0,0,0,15,15,480,0,FALSE,0,80,140,225,480,0,0,0,0,225,116805120,22550813
628,Mesprit,481,0,TRUE,13,13,26,26,26,80,105,105,105,105,80,255,5,3,45,0,9,30,3,590234424,2298483591,8409568,0,3994569568,131398,336343090,0,0,290,0,1,0,1,1,0,0,0,0,15,15,481,0,FALSE,0,80,140,226,481,226,0,0,0,0,116788736,30939421
629,Azelf,482,0,TRUE,13,13,26,26,26,75,125,70,125,70,115,255,5,3,45,0,1,30,3,54412088,2399146887,8409568,0,3994602244,131438,336343090,0,0,290,0,2,0,1,0,0,0,0,0,15,15,482,0,FALSE,0,80,140,227,482,0,227,0,0,0,116805120,24647965
630,Dialga,483,0,TRUE,8,15,46,46,140,100,120,120,150,100,90,255,5,3,45,0,8,540,6830,124273408,67975,135234,12,2366670694,3238120448,40008,8,64,340,0,0,0,3,0,0,0,0,0,15,15,483,0,FALSE,0,120,0,235,483,0,0,0,0,0,3758426016,217453697
631,Dialga-1,483,1,TRUE,8,15,46,46,140,100,100,120,150,120,90,255,5,3,45,0,8,700,8500,124273408,67975,135234,12,2366670694,3238120448,40008,8,64,340,0,0,0,3,0,0,0,0,0,15,15,483,1,FALSE,0,120,0,235,483,0,0,0,0,0,3758426016,217453697
632,Palkia,484,0,TRUE,10,15,46,46,140,90,120,100,150,120,100,255,5,3,45,0,6,420,3360,124273408,142682527,135235,12,219187070,3238102016,34817,12,64,340,0,0,0,3,0,0,0,0,0,15,15,484,0,FALSE,0,120,0,236,484,0,0,0,0,0,1610941856,83243140
633,Palkia-1,484,1,TRUE,10,15,46,46,140,90,100,100,150,120,120,255,5,3,45,0,6,630,6600,124273408,142682527,135235,12,219187070,3238102016,34817,12,64,340,0,0,0,3,0,0,0,0,0,15,15,484,1,FALSE,0,120,0,236,484,0,0,0,0,0,1610941856,83243140
634,Heatran,485,0,TRUE,9,8,18,18,49,91,90,106,130,106,77,127,5,3,45,0,5,170,4300,2272307968,33620164,135184,4,202408966,67127353,16817216,8,0,300,0,0,0,3,0,0,0,0,0,15,15,485,0,FALSE,0,10,100,228,485,0,0,228,0,0,2684617378,171054208
635,Regigigas,486,0,TRUE,0,0,112,112,112,110,160,110,80,110,100,255,5,3,3,0,8,370,4200,191382331,2315324550,167937,4,202376962,128,1627425825,8,0,335,0,3,0,0,0,0,0,0,0,15,15,486,0,FALSE,0,120,0,229,486,0,0,0,0,229,2767471008,5410976
636,Giratina,487,0,TRUE,7,15,46,46,140,150,100,120,100,120,90,255,5,3,45,0,4,450,7500,1328038720,33554886,4337666,10,2366639874,1157792770,3074,0,64,340,3,0,0,0,0,0,0,0,0,15,15,487,0,FALSE,0,120,0,237,487,0,0,0,0,0,3221628320,123089337
637,Giratina-1,487,1,TRUE,7,15,26,26,26,150,120,100,120,100,90,255,5,3,45,0,4,690,6500,1328038720,33554886,4337666,10,2366639874,1157792770,3074,0,64,340,3,0,0,0,0,0,0,0,0,15,15,487,1,FALSE,0,120,0,237,487,0,0,0,0,0,3221628320,123089337
638,Cresselia,488,0,TRUE,13,13,26,26,26,120,70,120,75,130,85,254,5,3,45,0,2,150,856,2335066880,805307270,4448,0,235931682,135494,794658,0,0,300,0,0,0,0,3,0,0,0,0,15,15,488,0,FALSE,0,120,100,230,488,0,0,0,230,0,101073920,26218808
639,Phione,489,0,TRUE,10,10,93,93,93,80,80,80,80,80,80,255,5,3,3,0,1,40,31,724041728,160440986,4096,0,202440816,8,269492224,4,0,240,1,0,0,0,0,0,0,0,0,2,6,489,0,FALSE,0,40,50,239,489,0,0,0,0,0,67503104,8390692
640,Manaphy,490,0,TRUE,10,10,93,93,93,100,100,100,100,100,100,255,5,3,3,0,1,30,14,724435712,160440986,4096,0,202442864,131338,269492226,4,0,300,3,0,0,0,0,0,0,0,0,2,6,489,0,FALSE,0,10,50,240,490,0,0,0,0,0,67503104,26220852
641,Darkrai,491,0,TRUE,16,16,123,123,123,70,90,90,135,90,125,255,5,3,45,0,4,150,505,199246592,2315323846,6328450,0,206572385,369229922,2147614737,0,0,300,0,0,0,2,0,1,0,0,0,15,15,491,0,FALSE,0,120,0,242,491,0,0,0,0,0,1904616736,63968104
642,Shaymin,492,0,TRUE,11,11,30,30,30,100,100,100,100,100,100,255,3,3,3,0,3,20,21,321392384,262276,2147487744,0,202377217,134217728,268443818,0,0,300,3,0,0,0,0,0,157,157,0,15,15,492,0,FALSE,0,120,100,241,492,0,0,0,0,0,67908864,18356368
643,Shaymin-1,492,1,TRUE,11,2,32,32,32,100,103,75,120,75,127,255,3,3,3,0,3,40,52,321392384,262276,2147487744,0,202377217,134217728,268443818,0,0,300,0,0,0,0,0,3,157,157,0,15,15,492,0,FALSE,0,120,100,241,492,0,0,0,0,0,67908864,18356368
644,Arceus,493,0,TRUE,0,0,121,121,121,120,120,120,120,120,120,255,5,3,3,0,8,320,3200,460213056,42281183,2265155,0,2404487029,1443028054,2112619,4,64,360,3,0,0,0,0,0,0,0,0,15,15,493,0,FALSE,0,120,0,238,493,0,0,0,0,0,4110821280,267796479
645,Arceus-1,493,1,TRUE,1,1,121,121,121,120,120,120,120,120,120,255,5,3,3,0,8,320,3200,460213056,42281183,2265155,0,2404487029,1443028054,2112619,4,64,360,3,0,0,0,0,0,0,0,0,15,15,493,0,FALSE,0,120,0,238,493,0,0,0,0,0,4110821280,267796479
646,Arceus-2,493,2,TRUE,2,2,121,121,121,120,120,120,120,120,120,255,5,3,3,0,8,320,3200,460213056,42281183,2265155,0,2404487029,1443028054,2112619,4,64,360,3,0,0,0,0,0,0,0,0,15,15,493,0,FALSE,0,120,0,238,493,0,0,0,0,0,4110821280,267796479
647,Arceus-3,493,3,TRUE,3,3,121,121,121,120,120,120,120,120,120,255,5,3,3,0,8,320,3200,460213056,42281183,2265155,0,2404487029,1443028054,2112619,4,64,360,3,0,0,0,0,0,0,0,0,15,15,493,0,FALSE,0,120,0,238,493,0,0,0,0,0,4110821280,267796479
648,Arceus-4,493,4,TRUE,4,4,121,121,121,120,120,120,120,120,120,255,5,3,3,0,8,320,3200,460213056,42281183,2265155,0,2404487029,1443028054,2112619,4,64,360,3,0,0,0,0,0,0,0,0,15,15,493,0,FALSE,0,120,0,238,493,0,0,0,0,0,4110821280,267796479
649,Arceus-5,493,5,TRUE,5,5,121,121,121,120,120,120,120,120,120,255,5,3,3,0,8,320,3200,460213056,42281183,2265155,0,2404487029,1443028054,2112619,4,64,360,3,0,0,0,0,0,0,0,0,15,15,493,0,FALSE,0,120,0,238,493,0,0,0,0,0,4110821280,267796479
650,Arceus-6,493,6,TRUE,6,6,121,121,121,120,120,120,120,120,120,255,5,3,3,0,8,320,3200,460213056,42281183,2265155,0,2404487029,1443028054,2112619,4,64,360,3,0,0,0,0,0,0,0,0,15,15,493,0,FALSE,0,120,0,238,493,0,0,0,0,0,4110821280,267796479
651,Arceus-7,493,7,TRUE,7,7,121,121,121,120,120,120,120,120,120,255,5,3,3,0,8,320,3200,460213056,42281183,2265155,0,2404487029,1443028054,2112619,4,64,360,3,0,0,0,0,0,0,0,0,15,15,493,0,FALSE,0,120,0,238,493,0,0,0,0,0,4110821280,267796479
652,Arceus-8,493,8,TRUE,8,8,121,121,121,120,120,120,120,120,120,255,5,3,3,0,8,320,3200,460213056,42281183,2265155,0,2404487029,1443028054,2112619,4,64,360,3,0,0,0,0,0,0,0,0,15,15,493,0,FALSE,0,120,0,238,493,0,0,0,0,0,4110821280,267796479
653,Arceus-9,493,9,TRUE,9,9,121,121,121,120,120,120,120,120,120,255,5,3,3,0,8,320,3200,460213056,42281183,2265155,0,2404487029,1443028054,2112619,4,64,360,3,0,0,0,0,0,0,0,0,15,15,493,0,FALSE,0,120,0,238,493,0,0,0,0,0,4110821280,267796479
654,Arceus-10,493,10,TRUE,10,10,121,121,121,120,120,120,120,120,120,255,5,3,3,0,8,320,3200,460213056,42281183,2265155,0,2404487029,1443028054,2112619,4,64,360,3,0,0,0,0,0,0,0,0,15,15,493,0,FALSE,0,120,0,238,493,0,0,0,0,0,4110821280,267796479
655,Arceus-11,493,11,TRUE,11,11,121,121,121,120,120,120,120,120,120,255,5,3,3,0,8,320,3200,460213056,42281183,2265155,0,2404487029,1443028054,2112619,4,64,360,3,0,0,0,0,0,0,0,0,15,15,493,0,FALSE,0,120,0,238,493,0,0,0,0,0,4110821280,267796479
656,Arceus-12,493,12,TRUE,12,12,121,121,121,120,120,120,120,120,120,255,5,3,3,0,8,320,3200,460213056,42281183,2265155,0,2404487029,1443028054,2112619,4,64,360,3,0,0,0,0,0,0,0,0,15,15,493,0,FALSE,0,120,0,238,493,0,0,0,0,0,4110821280,267796479
657,Arceus-13,493,13,TRUE,13,13,121,121,121,120,120,120,120,120,120,255,5,3,3,0,8,320,3200,460213056,42281183,2265155,0,2404487029,1443028054,2112619,4,64,360,3,0,0,0,0,0,0,0,0,15,15,493,0,FALSE,0,120,0,238,493,0,0,0,0,0,4110821280,267796479
658,Arceus-14,493,14,TRUE,14,14,121,121,121,120,120,120,120,120,120,255,5,3,3,0,8,320,3200,460213056,42281183,2265155,0,2404487029,1443028054,2112619,4,64,360,3,0,0,0,0,0,0,0,0,15,15,493,0,FALSE,0,120,0,238,493,0,0,0,0,0,4110821280,267796479
659,Arceus-15,493,15,TRUE,15,15,121,121,121,120,120,120,120,120,120,255,5,3,3,0,8,320,3200,460213056,42281183,2265155,0,2404487029,1443028054,2112619,4,64,360,3,0,0,0,0,0,0,0,0,15,15,493,0,FALSE,0,120,0,238,493,0,0,0,0,0,4110821280,267796479
660,Arceus-16,493,16,TRUE,16,16,121,121,121,120,120,120,120,120,120,255,5,3,3,0,8,320,3200,460213056,42281183,2265155,0,2404487029,1443028054,2112619,4,64,360,3,0,0,0,0,0,0,0,0,15,15,493,0,FALSE,0,120,0,238,493,0,0,0,0,0,4110821280,267796479
661,Arceus-17,493,17,TRUE,17,17,121,121,121,120,120,120,120,120,120,255,5,3,3,0,8,320,3200,460213056,42281183,2265155,0,2404487029,1443028054,2112619,4,64,360,3,0,0,0,0,0,0,0,0,15,15,493,0,FALSE,0,120,0,238,493,0,0,0,0,0,4110821280,267796479
662,Arceus-18,493,18,TRUE,0,0,121,121,121,120,120,120,120,120,120,255,5,3,3,0,8,320,3200,460213056,42281183,2265155,0,2404487029,1443028054,2112619,4,64,360,3,0,0,0,0,0,0,0,0,15,15,493,0,FALSE,0,120,0,238,493,0,0,0,0,0,4110821280,267796479
670,Oshawott,501,0,TRUE,10,10,67,67,75,55,55,45,63,45,45,31,3,1,205,0,1,50,59,2334228480,209725066,3221786624,0,3423674489,268435488,3153920,0,4,62,0,0,0,1,0,0,0,0,0,5,5,501,0,FALSE,0,20,50,7,501,0,0,0,0,0,268730657,8396837
671,Dewott,502,0,TRUE,10,10,67,67,75,75,75,60,83,60,60,31,3,2,105,0,1,80,245,2334228480,209725066,3221786624,0,3423674489,268435488,3153920,0,4,145,0,0,0,2,0,0,0,0,0,5,5,501,0,FALSE,0,20,50,8,502,0,0,0,0,0,268730657,8396837
673,Samurott-1,503,1,TRUE,10,16,67,67,75,90,108,80,100,65,85,31,3,3,55,0,1,150,582,2334229248,209725066,3221786624,1,3692109945,268435616,3153920,4,36,264,0,3,0,0,0,0,0,0,0,5,5,501,0,FALSE,0,20,50,9,503,0,0,0,0,0,319062305,43069477
719,Petilil,548,0,TRUE,11,11,34,20,102,45,35,50,70,50,30,254,0,1,235,0,3,50,66,3005746176,644,4096,0,1276116992,134217728,8322,1,0,56,0,0,0,1,0,0,0,545,0,7,7,548,0,FALSE,0,20,50,93,548,0,93,0,0,0,790528,16
721,Lilligant-1,549,1,TRUE,11,1,34,55,102,70,105,75,50,75,105,254,0,2,135,0,3,120,192,3005882112,644,16781312,0,1276116993,134479872,8322,1,0,168,0,1,0,0,0,1,0,545,0,7,7,548,0,FALSE,0,20,50,94,549,0,94,0,0,0,25989408,1052688
722,Lilligant-2,549,2,TRUE,11,1,34,55,102,70,105,75,50,75,105,254,0,2,135,0,3,110,163,3005882112,644,16781312,0,1276116993,134479872,8322,1,0,168,0,1,0,0,0,1,0,545,0,7,7,548,0,FALSE,0,20,50,94,549,0,94,0,0,0,25989408,1052688
725,Basculin-2,550,2,TRUE,10,10,155,91,104,70,92,65,80,55,98,127,0,2,235,0,3,100,180,2401239040,78652826,4104,0,204542008,8361,1048608,6,0,161,0,0,0,0,0,1,0,0,0,12,12,550,2,TRUE,2,40,50,166,550,0,0,166,166,166,67372040,8396832
751,Zorua-1,570,1,TRUE,0,7,149,149,149,35,60,40,85,40,70,31,3,1,215,0,7,70,125,2275442688,252745094,2142208,0,206573569,67241066,139280,0,0,66,0,0,0,1,0,0,0,0,0,5,5,570,1,TRUE,1,25,50,219,570,0,0,0,0,219,1074136320,33555264
753,Zoroark-1,571,1,TRUE,0,7,149,149,149,55,100,60,125,60,110,31,3,2,115,0,7,160,730,2275443459,252745094,2144258,0,1280315525,67241066,2147622929,0,0,179,0,0,0,2,0,0,0,0,0,5,5,570,1,TRUE,1,20,50,220,571,0,0,0,0,220,1074144544,36705088
816,Rufflet,627,0,TRUE,0,2,51,125,55,70,83,50,37,50,60,0,5,1,235,0,8,50,105,3344957504,83952006,2147520514,0,202379264,2162832,35651620,0,0,70,0,1,0,0,0,0,0,0,0,4,4,627,0,FALSE,0,20,50,221,627,0,0,0,0,221,1678058784,0
818,Braviary-1,628,1,TRUE,13,2,51,125,128,110,83,70,112,70,65,0,5,2,135,0,0,170,434,3344958272,83952006,2147520514,0,202379264,2162832,35652644,0,0,179,0,0,0,2,0,0,0,0,0,4,4,627,0,FALSE,0,20,50,222,628,0,0,0,0,222,1678075168,17831938
831,Tornadus,641,0,TRUE,2,2,158,158,128,79,115,70,125,80,111,0,5,3,3,0,3,150,630,2409628480,251677826,2147504128,2,2354059266,67174585,33710097,0,0,290,0,3,0,0,0,0,0,0,0,15,15,641,0,FALSE,0,120,90,231,641,0,0,0,0,231,327968,51384417
832,Tornadus-1,641,1,TRUE,2,2,144,144,144,79,100,80,110,90,121,0,5,3,3,0,3,140,630,2409628480,251677826,2147504128,2,2354059266,67174585,33710097,0,0,290,0,0,0,0,0,3,0,0,0,15,15,641,1,FALSE,0,120,90,231,641,0,0,0,0,231,327968,51384417
833,Thundurus,642,0,TRUE,12,2,158,158,128,79,115,70,125,80,111,0,5,3,3,0,1,150,610,2275427168,251677826,537202688,3,2354060034,67174569,4415569,0,0,290,0,3,0,0,0,0,0,0,0,15,15,642,0,FALSE,0,120,90,232,642,0,0,232,0,0,2441248,55596105
834,Thundurus-1,642,1,TRUE,12,2,10,10,10,79,105,70,145,80,101,0,5,3,3,0,1,300,610,2275427168,251677826,537202688,3,2354060034,67174569,4415569,0,0,290,0,0,0,3,0,0,0,0,0,15,15,642,1,FALSE,0,120,90,232,642,0,0,232,0,0,2441248,55596105
837,Landorus,645,0,TRUE,4,2,159,159,125,89,125,90,115,80,101,0,5,3,3,0,5,150,680,2272297792,186865793,135168,2,2370833411,196736,30729,0,0,300,0,0,0,3,0,0,0,0,0,15,15,645,0,FALSE,0,120,90,233,645,233,0,0,0,0,537330336,18223297
838,Landorus-1,645,1,TRUE,4,2,22,22,22,89,145,90,105,80,91,0,5,3,3,0,5,130,680,2272297792,186865793,135168,2,2370833411,196736,30729,0,0,300,0,3,0,0,0,0,0,0,0,15,15,645,1,FALSE,0,120,90,233,645,233,0,0,0,0,537330336,18223297
984,Sylveon,700,0,TRUE,17,17,56,56,182,95,65,65,110,130,60,31,0,2,115,0,9,100,235,2737735428,50054,310415360,0,2920292354,132354,337903616,0,0,184,0,0,0,0,2,0,0,0,0,5,5,133,0,TRUE,0,35,50,33,767,33,0,33,0,33,955424,1579267
988,Goomy,704,0,TRUE,15,15,157,93,183,45,50,35,55,75,40,127,5,1,205,0,6,30,28,2204106752,2097286,4096,0,2370830594,1073750016,16384,0,64,60,0,0,0,0,1,0,0,295,0,14,14,704,0,FALSE,0,40,35,115,763,0,115,0,115,0,537133056,71565381
990,Sliggoo-1,705,1,TRUE,8,15,157,142,183,58,75,83,83,113,40,127,5,2,105,0,6,70,685,2204106752,2097286,4096,0,2370830690,1073750016,16384,0,64,158,0,0,0,0,2,0,0,295,0,14,14,704,0,FALSE,0,40,35,116,764,0,116,0,116,0,2684616704,214171717
992,Goodra-1,706,1,TRUE,8,15,157,142,183,80,100,100,110,150,60,127,5,3,55,0,6,170,3341,2204107563,69222542,135168,14,2370865022,1073750144,16641,8,64,300,0,0,0,0,3,0,0,0,0,14,14,704,0,FALSE,0,40,35,117,765,0,117,0,117,0,2687762592,217321541
1004,Bergmite,712,0,TRUE,14,14,20,115,5,55,69,85,32,35,28,127,0,1,235,0,1,100,995,2338848768,589962,4105,0,202375280,1064961,2112,0,0,61,0,0,1,0,0,0,0,0,0,1,10,712,0,FALSE,0,20,50,215,749,0,0,0,0,215,537133112,8520740
1006,Avalugg-1,713,1,TRUE,14,5,173,115,5,95,127,184,34,36,38,127,0,2,135,0,1,140,2624,2338849536,589962,135177,4,202376314,1065089,1073777728,8,0,180,0,0,2,0,0,0,0,0,0,1,10,712,0,FALSE,0,20,50,216,751,0,0,0,0,216,2684633784,9606308
1007,Avalugg-2,713,2,TRUE,14,5,173,115,5,95,127,184,34,36,38,127,0,2,135,0,1,200,5050,2338849536,589962,135177,4,202376314,1065089,1073777728,8,0,180,0,0,2,0,0,0,0,0,0,1,10,712,0,FALSE,0,20,50,216,751,0,0,0,0,216,2684633784,9606308
1023,Rowlet,722,0,TRUE,11,2,65,65,203,68,55,55,50,50,42,31,3,1,205,0,5,30,15,3542747136,388,1073745922,0,739246081,134479872,2105366,0,1,64,1,0,0,0,0,0,0,0,0,4,4,722,0,FALSE,0,15,50,1,841,0,0,0,0,0,1107563777,0
1024,Dartrix,723,0,TRUE,11,2,65,65,203,78,75,75,70,70,52,31,3,2,105,0,5,70,160,3542747136,388,1073745922,0,739246081,134479872,2105366,0,1,147,2,0,0,0,0,0,0,0,0,4,4,722,0,FALSE,0,15,50,2,842,0,0,0,0,0,1107563777,16
1026,Decidueye-1,724,1,TRUE,11,1,65,65,203,88,112,80,95,95,60,31,3,3,55,0,5,160,370,3542752000,16781700,3225450530,0,739246081,134479874,35659926,0,9,265,0,3,0,0,0,0,0,0,0,4,4,722,0,FALSE,0,15,50,3,843,0,0,0,0,0,1107662177,1052688
1266,Wyrdeer,899,0,TRUE,0,13,22,119,157,103,105,72,105,75,65,127,5,2,135,0,7,180,951,2208713216,1052806,168256,0,2651852546,131338,2153775138,0,0,184,0,1,0,0,0,0,0,0,0,5,5,234,0,FALSE,0,20,50,50,1001,50,0,50,50,50,67503232,22139161
1267,Kleavor,900,0,TRUE,6,5,68,125,80,70,135,95,45,70,85,127,0,2,115,0,5,180,890,3282699008,218237319,3221247520,2,741355521,805322880,1088,0,128,175,0,2,0,0,0,0,0,0,0,3,3,123,0,FALSE,0,25,50,73,1002,73,0,0,73,0,839296801,1183744
1268,Kleavor-1,900,1,TRUE,6,5,68,125,80,70,135,95,45,70,85,127,0,2,115,0,5,180,890,3282699008,218237319,3221247520,2,741355521,805322880,1088,0,0,175,0,2,0,0,0,0,0,0,0,3,3,123,0,FALSE,0,25,50,73,1002,73,0,0,73,0,839296801,1183744
1269,Ursaluna,901,0,TRUE,4,0,62,171,127,130,140,105,45,80,50,127,0,2,75,0,5,240,2900,2816508731,167872902,167939,4,202400899,136381609,2216692225,0,0,193,0,3,0,0,0,0,0,0,0,5,5,216,0,FALSE,0,20,50,114,1007,0,114,0,114,0,1618838944,1740928
1270,Basculegion,902,0,TRUE,10,7,155,91,104,120,112,65,80,75,78,0,0,2,135,0,3,300,1100,2401239040,78652826,4104,0,204542008,8361,1048608,6,0,186,2,0,0,0,0,0,0,0,0,12,12,550,2,TRUE,2,40,50,167,1006,0,0,167,167,167,67511304,26226980
1271,Basculegion-1,902,1,TRUE,10,7,155,91,104,120,92,65,100,75,78,254,0,2,135,0,3,300,1100,2401239040,78652826,4104,0,204542008,8361,1048608,6,0,186,2,0,0,0,0,0,0,0,0,12,12,550,2,TRUE,2,40,50,167,1006,0,0,167,167,167,67511304,26226980
1272,Sneasler,903,0,TRUE,1,3,46,46,143,80,130,60,40,80,120,127,3,2,135,0,7,130,430,2342880019,235441598,1075877923,0,2349863153,369229858,2147614737,0,0,179,0,1,0,0,0,1,0,217,0,5,5,215,1,TRUE,1,20,35,203,1003,0,0,0,203,203,1367852321,1053441
1273,Overqwil,904,0,TRUE,16,3,38,33,22,85,115,95,65,65,85,127,0,1,135,0,4,250,605,2402304128,110110106,13312,0,217120889,38797346,2282766336,4,0,102,0,1,0,0,0,0,0,245,0,12,12,211,1,TRUE,1,20,50,85,1005,0,0,85,0,0,17040464,43004260
1274,Enamorus,905,0,TRUE,17,2,131,131,126,74,115,70,135,80,106,254,5,3,3,0,5,160,480,2272297792,186865793,135168,2,2370833411,196736,30729,0,0,290,0,0,0,3,0,0,0,0,0,15,15,905,0,TRUE,0,120,90,234,1004,0,234,0,0,0,67518496,18356418
1275,Enamorus-1,905,1,TRUE,17,2,142,142,142,74,115,110,135,100,46,254,5,3,3,0,5,160,480,2272297792,186865793,135168,2,2370833411,196736,30729,0,0,290,0,3,0,0,0,0,0,0,0,15,15,905,1,TRUE,1,120,90,234,1004,0,234,0,0,0,67518496,18356418